OBJECTID,Geographic ID for geographic unit,Planning Region,ARC Modeling Area,Logical record number,Summary level of geographic unit,Geography Vintage,Name of geographic unit,"# Population 16 years and over, 2022","# Population 16 years and over, 2022 (MOE)","# In labor force, 2022","# In labor force, 2022 (MOE)","% In labor force, 2022","% In labor force, 2022 (MOE)","# In civilian labor force, 2022","# In civilian labor force, 2022 (MOE)","% In civilian labor force, 2022","% In civilian labor force, 2022 (MOE)","# Civilian employed, 2022","# Civilian employed, 2022 (MOE)","% Civilian employed, 2022","% Civilian employed, 2022 (MOE)","# Civilian unemployed, 2022","# Civilian unemployed, 2022 (MOE)","% Civilian unemployed, 2022","% Civilian unemployed, 2022 (MOE)","# In armed forces, 2022","# In armed forces, 2022 (MOE)","% In armed forces, 2022","% In armed forces, 2022 (MOE)","# Not in labor force, 2022","# Not in labor force, 2022 (MOE)","% Not in labor force, 2022","% Not in labor force, 2022 (MOE)","% Unemployed as part of total labor force (including armed forces), 2022","% Unemployed as part of total labor force (including armed forces), 2022 (MOE)","# Civilian Unemployed, 2022","# Civilian Unemployed, 2022 (MOE)","% Unemployment Rate, 2022","% Unemployment Rate, 2022 (MOE)",Shape__Area,Shape__Length
1,NSAA01,Atlanta Regional Commission,Yes,4642,NSA,2020,NSA A01,3233,426,2053,268,63.5,11.8,2053,268,63.5,11.8,1991,268,61.6,1.7,62,83,1.9,2.6,0,64,0,2,1180,290,36.5,7.6,3,4,62,83,3,4,15905323.77,18443.27625
2,NSAA02,Atlanta Regional Commission,Yes,4643,NSA,2020,NSA A02,3541,508,2289,443,64.6,8.4,2289,443,64.6,8.4,2257,441,63.7,8.5,32,85,0.9,2.4,0,68,0,1.9,1252,234,35.4,4.2,1.4,3.7,32,85,1.4,3.7,16106726.27,18135.98854
3,NSAA03,Atlanta Regional Commission,Yes,4644,NSA,2020,NSA A03,2596,447,1821,363,70.1,7,1816,363,70,7.1,1749,360,67.4,7.6,67,83,2.6,3.2,4,56,0.2,2.2,775,224,29.9,6.9,3.7,4.5,67,83,3.7,4.5,10656054.5,19934.15237
4,NSAB01,Atlanta Regional Commission,Yes,4645,NSA,2020,NSA B01,4143,419,2023,433,48.8,9.2,2023,433,48.8,9.2,1977,416,47.7,8.8,46,128,1.1,3.1,0,87,0,2.1,2120,386,51.2,7.8,2.3,6.3,46,128,2.3,6.3,3430643.953,8661.197373
5,NSAB02,Atlanta Regional Commission,Yes,4646,NSA,2020,NSA B02,4114,558,3133,562,76.2,8.9,3133,562,76.2,8.9,3071,544,74.6,8.5,62,129,1.5,3.1,0,79,0,1.9,981,283,23.8,6.1,2,4.1,62,129,2,4.1,2606969.641,7289.746969
6,NSAB03,Atlanta Regional Commission,Yes,4647,NSA,2020,NSA B03,1624,356,1115,278,68.7,8.1,1110,278,68.4,8.2,1058,274,65.2,9,52,71,3.2,4.3,4,43,0.3,2.6,509,196,31.3,9.9,4.7,6.2,52,71,4.7,6.2,2060608.504,7219.723642
7,NSAB04,Atlanta Regional Commission,Yes,4648,NSA,2020,NSA B04,10713,1253,8357,1031,78,3,8349,1030,77.9,3.1,8009,1015,74.8,3.6,340,236,3.2,2.2,8,123,0.1,1.2,2355,466,22,3.5,4.1,2.8,340,236,4.1,2.8,10043846.91,13792.6106
8,NSAB05,Atlanta Regional Commission,Yes,4649,NSA,2020,NSA B05,1776,365,943,253,53.1,9.2,938,252,52.8,9.2,922,250,51.9,9.2,16,77,0.9,4.3,5,62,0.3,3.5,833,208,46.9,6.7,1.7,8.1,16,77,1.8,8.2,3759273.148,9467.35384
9,NSAB06,Atlanta Regional Commission,Yes,4650,NSA,2020,NSA B06,4290,456,2743,485,63.9,9,2743,485,63.9,9,2706,484,63.1,9.1,36,80,0.8,1.9,0,63,0,1.5,1548,324,36.1,6.5,1.3,2.9,36,80,1.3,2.9,1821778.063,6442.752215
10,NSAB07,Atlanta Regional Commission,Yes,4651,NSA,2020,NSA B07,3673,648,2799,492,76.2,19,2799,492,76.2,19,2728,481,74.3,18.5,72,140,2,3.8,0,88,0,2.4,873,320,23.8,7.6,2.6,5,72,140,2.6,5,2608713.137,8302.073906
11,NSAB08,Atlanta Regional Commission,Yes,4652,NSA,2020,NSA B08,8343,1050,6506,869,78,3.5,6506,869,78,3.5,6325,861,75.8,3.9,181,196,2.2,2.3,0,135,0,1.6,1837,526,22,5.7,2.8,3,181,196,2.8,3,4177675.848,10184.11026
12,NSAB09,Atlanta Regional Commission,Yes,4653,NSA,2020,NSA B09,3350,357,2327,434,69.4,10.6,2327,434,69.4,10.6,2314,431,69.1,10.6,12,88,0.4,2.6,0,74,0,2.2,1024,288,30.6,8,0.5,3.8,12,88,0.5,3.8,2830795.52,7696.179733
13,NSAB10,Atlanta Regional Commission,Yes,4654,NSA,2020,NSA B10,3896,585,2997,532,76.9,7.3,2997,532,76.9,7.3,2926,526,75.1,7.4,72,106,1.8,2.7,0,80,0,2,898,223,23.1,4.5,2.4,3.5,72,106,2.4,3.5,2727334.543,7271.19507
14,NSAB11,Atlanta Regional Commission,Yes,4655,NSA,2020,NSA B11,5852,839,5093,850,87,7.4,5093,850,87,7.4,4949,846,84.6,7.9,144,151,2.5,2.6,0,96,0,1.6,758,304,13,4.9,2.8,2.9,144,151,2.8,2.9,2209334.59,6839.35252
15,NSAC01,Atlanta Regional Commission,Yes,4656,NSA,2020,NSA C01,2851,579,2002,363,70.2,19.1,1981,359,69.5,18.9,1937,358,67.9,18.6,44,87,1.5,3,21,92,0.7,3.2,849,271,29.8,7.3,2.2,4.3,44,87,2.2,4.4,4466907.398,14425.62153
16,NSAC02,Atlanta Regional Commission,Yes,4657,NSA,2020,NSA C02,2544,631,1897,432,74.6,25.1,1897,432,74.6,25.1,1801,426,70.8,24.3,96,92,3.8,3.5,0,63,0,2.5,647,327,25.4,11.2,5.1,4.7,96,92,5.1,4.7,1369783.348,5594.214447
17,NSAC03,Atlanta Regional Commission,Yes,4658,NSA,2020,NSA C03,3337,689,2136,492,64,6.5,2117,491,63.4,6.7,2089,490,62.6,7,28,97,0.8,2.9,19,84,0.6,2.5,1201,289,36,4.5,1.3,4.5,28,97,1.3,4.6,5820853.035,12002.50763
18,NSAC04,Atlanta Regional Commission,Yes,4659,NSA,2020,NSA C04,1853,332,991,247,53.4,9.2,989,247,53.4,9.2,976,246,52.6,9.3,14,61,0.7,3.3,1,49,0.1,2.6,863,227,46.6,9,1.4,6.2,14,61,1.4,6.2,5412519.613,11407.54798
19,NSAC05,Atlanta Regional Commission,Yes,4660,NSA,2020,NSA C05,3397,406,2762,478,81.3,10.2,2762,478,81.3,10.2,2705,470,79.6,10,58,114,1.7,3.3,0,72,0,2.1,635,217,18.7,6,2.1,4.1,58,114,2.1,4.1,2641575.277,8223.522464
20,NSAC06,Atlanta Regional Commission,Yes,4661,NSA,2020,NSA C06,3379,396,2827,429,83.7,8.1,2827,429,83.7,8.1,2798,424,82.8,8,29,111,0.9,3.3,0,81,0,2.4,552,161,16.3,4.4,1,3.9,29,111,1,3.9,3209409.523,8754.384275
21,NSAD01,Atlanta Regional Commission,Yes,4662,NSA,2020,NSA D01,4154,455,3451,454,83.1,6.1,3407,449,82,6,3290,442,79.2,6.2,117,127,2.8,3.1,44,119,1,2.9,703,297,16.9,6.9,3.4,3.7,117,127,3.4,3.7,9721573.441,20009.38273
22,NSAD02,Atlanta Regional Commission,Yes,4663,NSA,2020,NSA D02,2677,479,2359,542,88.1,12.7,2352,541,87.9,12.7,2335,541,87.2,12.8,18,93,0.7,3.5,7,87,0.2,3.2,318,183,11.9,6.5,0.8,3.9,18,93,0.8,3.9,4027475.746,11916.39208
23,NSAD03,Atlanta Regional Commission,Yes,4664,NSA,2020,NSA D03,4692,867,4113,918,87.7,11,4107,918,87.5,11,4096,917,87.3,11,11,104,0.2,2.2,6,89,0.1,1.9,579,311,12.3,6.2,0.3,2.5,11,104,0.3,2.5,10698895.03,23154.53017
24,NSAE01,Atlanta Regional Commission,Yes,4665,NSA,2020,NSA E01,3325,362,2180,317,65.6,6.3,2180,317,65.6,6.3,2125,317,63.9,6.5,55,100,1.7,3,0,87,0,2.6,1145,206,34.4,4.9,2.5,4.6,55,100,2.5,4.6,3480664.941,7646.314282
25,NSAE02,Atlanta Regional Commission,Yes,4666,NSA,2020,NSA E02,10436,597,4404,588,42.2,5.1,4404,588,42.2,5.1,3970,553,38,4.8,434,193,4.2,1.8,0,103,0,1,6033,620,57.8,4.9,9.8,4.2,434,193,9.8,4.2,3480238.813,9024.907722
26,NSAE03,Atlanta Regional Commission,Yes,4667,NSA,2020,NSA E03,3382,452,2802,513,82.9,10.4,2802,513,82.9,10.4,2604,488,77,10.1,199,172,5.9,5,0,62,0,1.8,580,263,17.1,7.4,7.1,6,199,172,7.1,6,1301377.859,5574.154443
27,NSAE04,Atlanta Regional Commission,Yes,4668,NSA,2020,NSA E04,5600,1014,4558,964,81.4,8.9,4551,964,81.3,8.9,4448,957,79.4,9.2,103,135,1.8,2.4,7,87,0.1,1.6,1042,455,18.6,7.4,2.3,2.9,103,135,2.3,2.9,2557360.66,6642.845109
28,NSAE05,Atlanta Regional Commission,Yes,4669,NSA,2020,NSA E05,3251,499,2494,542,76.7,11.8,2494,542,76.7,11.8,2476,541,76.2,11.9,18,104,0.6,3.2,0,89,0,2.7,757,240,23.3,6.5,0.7,4.2,18,104,0.7,4.2,2520613.637,8266.806355
29,NSAE06,Atlanta Regional Commission,Yes,4670,NSA,2020,NSA E06,4762,626,3487,596,73.2,8,3480,595,73.1,8,3304,575,69.4,7.9,176,142,3.7,2.9,7,71,0.1,1.5,1275,368,26.8,6.9,5.1,4,176,142,5.1,4,1857052.359,5937.004211
30,NSAE07,Atlanta Regional Commission,Yes,4671,NSA,2020,NSA E07,25587,1524,21073,1686,82.4,4.4,21059,1685,82.3,4.4,20299,1648,79.3,4.4,760,417,3,1.6,14,186,0.1,0.7,4514,688,17.6,2.5,3.6,2,760,417,3.6,2,6944955.68,15032.70165
31,NSAF01,Atlanta Regional Commission,Yes,4672,NSA,2020,NSA F01,2940,581,2467,532,83.9,7.2,2467,532,83.9,7.2,2455,531,83.5,7.3,12,79,0.4,2.7,0,68,0,2.3,473,213,16.1,6.5,0.5,3.2,12,79,0.5,3.2,2470843.895,7010.338831
32,NSAF02,Atlanta Regional Commission,Yes,4673,NSA,2020,NSA F02,3365,527,2700,523,80.2,9.2,2700,523,80.2,9.2,2477,499,73.6,9.3,223,159,6.6,4.6,0,84,0,2.5,665,334,19.8,9.4,8.3,5.7,223,159,8.3,5.7,2737633.727,7276.153048
33,NSAF03,Atlanta Regional Commission,Yes,4674,NSA,2020,NSA F03,7606,886,5767,608,75.8,11.9,5756,608,75.7,11.9,5553,559,73,11.2,203,269,2.7,3.5,11,118,0.1,1.5,1839,581,24.2,7.1,3.5,4.7,203,269,3.5,4.7,4089339.578,8944.04861
34,NSAF04,Atlanta Regional Commission,Yes,4675,NSA,2020,NSA F04,8370,932,5981,647,71.5,11.1,5961,647,71.2,11.1,5705,615,68.2,10.6,256,238,3.1,2.8,20,126,0.2,1.5,2389,683,28.5,7.5,4.3,3.9,256,238,4.3,4,8850582.66,17079.69727
35,NSAF05,Atlanta Regional Commission,Yes,4676,NSA,2020,NSA F05,5072,432,2120,461,41.8,8.4,2120,461,41.8,8.4,1825,437,36,8,295,177,5.8,3.5,0,82,0,1.6,2951,432,58.2,6.9,13.9,7.8,295,177,13.9,7.8,4641739.523,19264.98111
36,NSAG01,Atlanta Regional Commission,Yes,4677,NSA,2020,NSA G01,1828,360,1110,309,60.7,12,1110,309,60.7,12,1016,297,55.6,12,94,117,5.2,6.3,0,71,0,3.9,718,256,39.3,11.7,8.5,10.3,94,117,8.5,10.3,9019914.938,14086.79624
37,NSAG02,Atlanta Regional Commission,Yes,4678,NSA,2020,NSA G02,2261,658,1033,332,45.7,6.2,1033,332,45.7,6.2,861,291,38.1,6.6,172,171,7.6,7.2,0,67,0,3,1228,460,54.3,12.8,16.6,15.7,172,171,16.6,15.7,3890120.027,10654.14087
38,NSAG03,Atlanta Regional Commission,Yes,4679,NSA,2020,NSA G03,4036,621,2617,588,64.8,10.6,2617,588,64.8,10.6,2365,564,58.6,10.7,252,198,6.2,4.8,0,82,0,2,1419,415,35.2,8.7,9.6,7.3,252,198,9.6,7.3,7786705.695,16882.11716
39,NSAH01,Atlanta Regional Commission,Yes,4680,NSA,2020,NSA H01,2912,969,1462,452,50.2,22.8,1462,452,50.2,22.8,1303,413,44.8,20.6,158,198,5.4,6.5,0,74,0,2.6,1450,404,49.8,21.6,10.8,13.1,158,198,10.8,13.1,7705860.758,13776.83925
40,NSAH02,Atlanta Regional Commission,Yes,4681,NSA,2020,NSA H02,1916,930,1102,463,57.5,36.9,1102,463,57.5,36.9,921,397,48.1,31.2,181,243,9.5,11.8,0,55,0,2.9,814,302,42.5,26,16.4,21,181,243,16.4,21,3735944.539,10084.54321
41,NSAH03,Atlanta Regional Commission,Yes,4682,NSA,2020,NSA H03,3507,655,2170,578,61.9,11.8,2170,578,61.9,11.8,2041,562,58.2,11.8,129,151,3.7,4.2,0,71,0,2,1337,408,38.1,9.2,5.9,6.8,129,151,5.9,6.8,3798888.477,11439.82868
42,NSAH04,Atlanta Regional Commission,Yes,4683,NSA,2020,NSA H04,4252,1149,2694,748,63.4,4,2694,748,63.4,4,2560,734,60.2,5.7,134,162,3.2,3.7,0,79,0,1.8,1557,518,36.6,7.1,5,5.8,134,162,5,5.8,8670843.621,17552.49449
43,NSAI01,Atlanta Regional Commission,Yes,4684,NSA,2020,NSA I01,2575,568,1164,355,45.2,9.5,1164,355,45.2,9.5,1049,309,40.7,8,115,187,4.5,7.2,0,61,0,2.4,1411,425,54.8,11.3,9.9,15.8,115,187,9.9,15.8,6676276.523,14025.32631
44,NSAI02,Atlanta Regional Commission,Yes,4685,NSA,2020,NSA I02,2548,507,1534,461,60.2,13.5,1534,461,60.2,13.5,1483,447,58.2,13.2,51,126,2,4.9,0,54,0,2.1,1014,344,39.8,10.9,3.3,8.2,51,126,3.3,8.2,7335642.789,21061.88701
45,NSAI03,Atlanta Regional Commission,Yes,4686,NSA,2020,NSA I03,4068,713,2171,525,53.4,8.9,2171,525,53.4,8.9,2038,503,50.1,8.7,133,205,3.3,5,0,73,0,1.8,1896,483,46.6,8.6,6.1,9.3,133,205,6.1,9.3,9598588.488,19901.57716
46,NSAI04,Atlanta Regional Commission,Yes,4687,NSA,2020,NSA I04,4007,619,2102,488,52.5,9.1,2102,488,52.5,9.1,2046,482,51.1,9.1,56,122,1.4,3,0,85,0,2.1,1905,524,47.5,10.8,2.7,5.8,56,122,2.7,5.8,7275490.152,11317.64876
47,NSAI05,Atlanta Regional Commission,Yes,4688,NSA,2020,NSA I05,3215,793,1806,496,56.2,6.8,1806,496,56.2,6.8,1609,456,50,7,197,218,6.1,6.6,0,68,0,2.1,1410,385,43.8,5.1,10.9,11.7,197,218,10.9,11.7,5132404.758,15661.15038
48,NSAJ01,Atlanta Regional Commission,Yes,4689,NSA,2020,NSA J01,2144,601,1038,320,48.4,6.3,1038,320,48.4,6.3,854,286,39.8,7.3,184,164,8.6,7.3,0,65,0,3,1107,412,51.6,12.7,17.7,14.9,184,164,17.7,14.9,4105310.043,12151.91336
49,NSAJ02,Atlanta Regional Commission,Yes,4690,NSA,2020,NSA J02,3590,675,1812,402,50.5,5.9,1812,402,50.5,5.9,1621,384,45.2,6.5,191,163,5.3,4.4,0,84,0,2.3,1778,491,49.5,10,10.5,8.7,191,163,10.5,8.7,8488166.445,17378.11651
50,NSAJ03,Atlanta Regional Commission,Yes,4691,NSA,2020,NSA J03,2546,486,1062,287,41.7,8,1062,287,41.7,8,934,272,36.7,8.1,128,134,5,5.2,0,77,0,3,1484,408,58.3,11.5,12,12.2,128,134,12,12.2,4445578.684,11118.19996
51,NSAK01,Atlanta Regional Commission,Yes,4692,NSA,2020,NSA K01,3352,578,2096,384,62.5,3.8,2096,384,62.5,3.8,1922,372,57.3,5,175,128,5.2,3.7,0,76,0,2.3,1255,421,37.5,10.8,8.3,5.9,175,128,8.3,5.9,3440514.75,8763.554786
52,NSAK02,Atlanta Regional Commission,Yes,4693,NSA,2020,NSA K02,2336,463,1203,310,51.5,8.5,1203,310,51.5,8.5,1064,297,45.6,8.9,139,125,5.9,5.2,0,75,0,3.2,1133,368,48.5,12.5,11.5,10,139,125,11.5,10,3398269.992,9661.803669
53,NSAK03,Atlanta Regional Commission,Yes,4694,NSA,2020,NSA K03,2685,271,545,115,20.3,3.8,545,115,20.3,3.8,491,111,18.3,3.7,54,72,2,2.7,0,61,0,2.3,2140,256,79.7,5.2,9.9,13.1,54,72,9.9,13.1,2098902.676,7089.292161
54,NSAL01,Atlanta Regional Commission,Yes,4695,NSA,2020,NSA L01,3489,622,1905,343,54.6,1.3,1895,342,54.3,1.6,1727,332,49.5,3.6,168,141,4.8,3.9,10,89,0.3,2.5,1584,397,45.4,8,8.8,7.2,168,141,8.9,7.3,1924442.25,5615.160826
55,NSAL02,Atlanta Regional Commission,Yes,4696,NSA,2020,NSA L02,2267,328,1535,326,67.7,10.5,1535,326,67.7,10.5,1499,323,66.1,10.6,36,115,1.6,5.1,0,97,0,4.3,732,211,32.3,8,2.3,7.5,36,115,2.3,7.5,2881399.188,8623.963896
56,NSAM01,Atlanta Regional Commission,Yes,4697,NSA,2020,NSA M01,17930,857,10553,956,58.9,4.5,10461,952,58.3,4.5,9568,929,53.4,4.5,894,290,5,1.6,92,191,0.5,1.1,7377,972,41.1,5,8.5,2.6,894,290,8.5,2.7,8568665.699,12855.82528
57,NSAM02,Atlanta Regional Commission,Yes,4698,NSA,2020,NSA M02,15607,1012,11171,936,71.6,3.8,11130,934,71.3,3.8,10552,882,67.6,3.6,578,365,3.7,2.3,41,180,0.3,1.2,4436,786,28.4,4.7,5.2,3.2,578,365,5.2,3.3,5745394.266,10662.793
58,NSAN01,Atlanta Regional Commission,Yes,4699,NSA,2020,NSA N01,5587,531,4791,618,85.7,7.5,4782,618,85.6,7.5,4498,583,80.5,7.1,284,219,5.1,3.9,9,92,0.2,1.6,797,285,14.3,4.9,5.9,4.5,284,219,5.9,4.5,3049287.813,8107.776539
59,NSAN02,Atlanta Regional Commission,Yes,4700,NSA,2020,NSA N02,7263,629,6241,620,85.9,4.2,6230,620,85.8,4.2,6152,618,84.7,4.3,78,128,1.1,1.8,11,103,0.2,1.4,1021,335,14.1,4.5,1.2,2,78,128,1.2,2,3641529.844,9014.899985
60,NSAN03,Atlanta Regional Commission,Yes,4701,NSA,2020,NSA N03,4353,462,3403,415,78.2,4.7,3403,415,78.2,4.7,3242,387,74.5,4.1,162,154,3.7,3.5,0,88,0,2,950,212,21.8,4.3,4.7,4.5,162,154,4.7,4.5,4407288.543,10095.31444
61,NSAN04,Atlanta Regional Commission,Yes,4702,NSA,2020,NSA N04,2634,477,2046,383,77.7,3.7,2046,383,77.7,3.7,1846,325,70.1,17.7,200,200,7.6,7.4,0,55,0,2.1,589,176,22.3,5.3,9.8,9.6,200,200,9.8,9.6,1868436.527,7312.858941
62,NSAO01,Atlanta Regional Commission,Yes,4703,NSA,2020,NSA O01,3812,657,2878,537,75.5,5.4,2878,537,75.5,5.4,2815,532,73.8,5.7,63,93,1.7,2.4,0,69,0,1.8,934,208,24.5,3.5,2.2,3.2,63,93,2.2,3.2,5695371.727,15497.79434
63,NSAO02,Atlanta Regional Commission,Yes,4704,NSA,2020,NSA O02,6072,666,4725,562,77.8,3.6,4725,562,77.8,3.6,4258,509,70.1,3.3,467,259,7.7,4.2,0,97,0,1.6,1347,302,22.2,4.3,9.9,5.4,467,259,9.9,5.4,5524699.594,14253.31502
64,NSAO03,Atlanta Regional Commission,Yes,4705,NSA,2020,NSA O03,4402,525,3425,488,77.8,6.1,3425,488,77.8,6.1,3289,483,74.7,6.4,136,116,3.1,2.6,0,82,0,1.9,977,256,22.2,5.2,4,3.3,136,116,4,3.3,3448974.063,11155.24139
65,NSAP01,Atlanta Regional Commission,Yes,4706,NSA,2020,NSA P01,4174,645,2150,567,51.5,11,2150,567,51.5,11,2052,553,49.2,10.8,98,163,2.3,3.9,0,85,0,2,2024,518,48.5,9.9,4.5,7.5,98,163,4.5,7.5,11058559.43,18526.78127
66,NSAP02,Atlanta Regional Commission,Yes,4707,NSA,2020,NSA P02,2880,390,2370,627,82.3,18.7,2370,627,82.3,18.7,2194,607,76.2,18.4,176,167,6.1,5.7,0,58,0,2,510,295,17.7,9.9,7.4,6.8,176,167,7.4,6.8,4315839.984,10898.10446
67,NSAP03,Atlanta Regional Commission,Yes,4708,NSA,2020,NSA P03,1408,279,971,281,69,14.5,971,281,69,14.5,915,272,65,14.4,57,78,4,5.5,0,45,0,3.2,436,130,31,6.9,5.8,7.9,57,78,5.8,7.9,3633706.215,11336.40804
68,NSAP04,Atlanta Regional Commission,Yes,4709,NSA,2020,NSA P04,2245,400,1655,440,73.7,14.5,1655,440,73.7,14.5,1592,434,70.9,14.6,62,90,2.8,4,0,55,0,2.5,591,174,26.3,6.2,3.8,5.3,62,90,3.8,5.3,5664198.621,13397.71389
69,NSAP05,Atlanta Regional Commission,Yes,4710,NSA,2020,NSA P05,2277,410,1619,478,71.1,16.7,1619,478,71.1,16.7,1513,459,66.4,16.2,105,158,4.6,6.9,0,60,0,2.7,659,238,28.9,9.1,6.5,9.5,105,158,6.5,9.5,7599816.941,16599.38798
70,NSAP06,Atlanta Regional Commission,Yes,4711,NSA,2020,NSA P06,2646,854,1234,542,46.6,13.9,1234,542,46.6,13.9,1195,533,45.1,13.9,40,110,1.5,4.1,0,64,0,2.4,1412,512,53.4,8.8,3.2,8.8,40,110,3.2,8.8,3629941.641,9686.104754
71,NSAQ01,Atlanta Regional Commission,Yes,4712,NSA,2020,NSA Q01,1390,334,834,316,60,17.6,834,316,60,17.6,727,288,52.3,16.4,107,153,7.7,10.9,0,50,0,3.6,556,242,40,14.5,12.8,17.7,107,153,12.8,17.7,3867073.363,16891.2749
72,NSAR01,Atlanta Regional Commission,Yes,4713,NSA,2020,NSA R01,5189,972,2985,846,57.5,12.2,2985,846,57.5,12.2,2805,841,54.1,12.7,180,139,3.5,2.6,0,88,0,1.7,2204,505,42.5,5.6,6,4.3,180,139,6,4.3,3458015.875,11215.18899
73,NSAR02,Atlanta Regional Commission,Yes,4714,NSA,2020,NSA R02,5630,807,3723,697,66.1,8,3718,696,66,8,3438,661,61.1,7.8,280,249,5,4.4,5,103,0.1,1.8,1908,376,33.9,4.6,7.5,6.5,280,249,7.5,6.5,11834606.55,21118.28114
74,NSAR03,Atlanta Regional Commission,Yes,4715,NSA,2020,NSA R03,3146,557,1760,468,55.9,11.1,1760,468,55.9,11.1,1644,457,52.3,11.2,116,120,3.7,3.8,0,63,0,2,1386,417,44.1,10.7,6.6,6.6,116,120,6.6,6.6,4944702.078,13192.74372
75,NSAS01,Atlanta Regional Commission,Yes,4716,NSA,2020,NSA S01,2856,470,1846,409,64.6,9.6,1846,409,64.6,9.6,1598,327,56,6.8,248,207,8.7,7.1,0,90,0,3.1,1010,267,35.4,7.3,13.4,10.8,248,207,13.4,10.8,4027650.344,11412.19007
76,NSAS02,Atlanta Regional Commission,Yes,4717,NSA,2020,NSA S02,3494,593,2172,548,62.2,11.6,2169,548,62.1,11.6,1926,432,55.1,8.1,244,353,7,10,3,83,0.1,2.4,1322,328,37.8,6.9,11.2,16,244,353,11.2,16,6803256.523,12949.51856
77,NSAS03,Atlanta Regional Commission,Yes,4718,NSA,2020,NSA S03,1845,462,1079,375,58.5,14.1,1079,375,58.5,14.1,922,266,50,7.1,157,219,8.5,11.7,0,52,0,2.8,766,277,41.5,10.8,14.6,19.7,157,219,14.6,19.7,4024335.969,8732.084213
78,NSAT01,Atlanta Regional Commission,Yes,4719,NSA,2020,NSA T01,2022,510,1173,310,58,4.6,1162,309,57.5,4.9,1080,303,53.4,6.6,82,103,4,5,11,73,0.5,3.6,849,261,42,7.4,7,8.6,82,103,7,8.6,1654368.27,6457.431196
79,NSAT02,Atlanta Regional Commission,Yes,4720,NSA,2020,NSA T02,5993,312,1870,380,31.2,6.1,1870,380,31.2,6.1,1553,336,25.9,5.4,317,211,5.3,3.5,0,108,0,1.8,4122,555,68.8,8.5,17,10.8,317,211,17,10.8,2276469.34,6501.997588
80,NSAT03,Atlanta Regional Commission,Yes,4721,NSA,2020,NSA T03,2537,354,1758,324,69.3,8.3,1744,323,68.7,8.4,1589,309,62.6,8.5,154,108,6.1,4.2,14,67,0.6,2.6,779,188,30.7,6,8.8,5.9,154,108,8.9,6,2341205.633,6942.211325
81,NSAT04,Atlanta Regional Commission,Yes,4722,NSA,2020,NSA T04,4168,540,2503,381,60,4.8,2497,381,59.9,4.8,2207,364,53,5.4,289,155,6.9,3.6,6,93,0.1,2.2,1666,338,40,6.2,11.6,5.9,289,155,11.6,6,4057879.004,9573.028275
82,NSAV01,Atlanta Regional Commission,Yes,4723,NSA,2020,NSA V01,3024,617,2081,473,68.8,6.9,2081,473,68.8,6.9,1928,451,63.7,7.3,153,163,5.1,5.3,0,84,0,2.8,943,336,31.2,9.1,7.4,7.7,153,163,7.4,7.7,2520052.684,6916.128202
83,NSAV02,Atlanta Regional Commission,Yes,4724,NSA,2020,NSA V02,3604,422,2523,353,70,5.4,2510,353,69.6,5.4,2245,327,62.3,5.4,265,168,7.4,4.6,13,109,0.4,3,1081,232,30,5.4,10.5,6.5,265,168,10.6,6.5,4575042.215,10063.38453
84,NSAV03,Atlanta Regional Commission,Yes,4725,NSA,2020,NSA V03,2350,715,1726,539,73.4,5.1,1726,539,73.4,5.1,1620,533,68.9,8.7,106,99,4.5,4,0,63,0,2.7,624,252,26.6,7,6.1,5.4,106,99,6.1,5.4,1993726.133,5984.271571
85,NSAV04,Atlanta Regional Commission,Yes,4726,NSA,2020,NSA V04,3922,828,2381,759,60.7,14.5,2381,759,60.7,14.5,2198,736,56.1,14.6,183,162,4.7,4,0,77,0,2,1540,442,39.3,7.6,7.7,6.3,183,162,7.7,6.3,2840573.883,7743.681875
86,NSAW01,Atlanta Regional Commission,Yes,4727,NSA,2020,NSA W01,7433,732,5971,679,80.3,4.6,5963,678,80.2,4.6,5741,677,77.2,5,222,162,3,2.2,8,106,0.1,1.4,1462,295,19.7,3.5,3.7,2.7,222,162,3.7,2.7,6641017.242,12144.97227
87,NSAW02,Atlanta Regional Commission,Yes,4728,NSA,2020,NSA W02,2974,365,2318,422,78,10.5,2310,423,77.7,10.5,2136,410,71.8,10.6,175,124,5.9,4.1,8,64,0.3,2.2,655,201,22,6.2,7.5,5.2,175,124,7.6,5.2,5182003.031,11026.19654
88,NSAW03,Atlanta Regional Commission,Yes,4729,NSA,2020,NSA W03,3918,480,3331,502,85,7.5,3322,501,84.8,7.5,3293,498,84,7.5,30,74,0.8,1.9,9,63,0.2,1.6,587,208,15,5,0.9,2.2,30,74,0.9,2.2,2975697.43,7889.720531
89,NSAW04,Atlanta Regional Commission,Yes,4730,NSA,2020,NSA W04,4878,685,3526,527,72.3,3.7,3491,525,71.6,3.9,3032,442,62.2,2.4,460,310,9.4,6.2,34,105,0.7,2.2,1352,390,27.7,7,13,8.6,460,310,13.2,8.6,5770082.313,18103.28976
90,NSAX01,Atlanta Regional Commission,Yes,4731,NSA,2020,NSA X01,2154,376,1487,326,69,9.2,1487,326,69,9.2,1407,311,65.3,8.9,80,108,3.7,4.9,0,58,0,2.7,668,233,31,9.4,5.4,7.1,80,108,5.4,7.1,2728206.063,9019.642759
91,NSAX02,Atlanta Regional Commission,Yes,4732,NSA,2020,NSA X02,1669,336,904,251,54.2,10.4,904,251,54.2,10.4,817,243,49,10.7,87,91,5.2,5.3,0,52,0,3.1,765,218,45.8,9.2,9.6,9.7,87,91,9.6,9.7,3563051.465,7914.889397
92,NSAX03,Atlanta Regional Commission,Yes,4733,NSA,2020,NSA X03,2249,521,1005,342,44.7,11.2,1005,342,44.7,11.2,921,337,40.9,11.6,85,97,3.8,4.2,0,57,0,2.5,1244,310,55.3,5.1,8.4,9.2,85,97,8.4,9.2,2291192.25,6614.368531
93,NSAX04,Atlanta Regional Commission,Yes,4734,NSA,2020,NSA X04,3100,408,2061,355,66.5,7.4,2061,355,66.5,7.4,1864,330,60.1,7.1,197,159,6.4,5,0,80,0,2.6,1039,243,33.5,6.5,9.6,7.5,197,159,9.6,7.5,6452552.715,12760.95788
94,NSAX05,Atlanta Regional Commission,Yes,4735,NSA,2020,NSA X05,0,0,0,0,,,0,0,,,0,0,,,0,0,,,0,0,,,0,0,,,,,0,0,,,1316277.195,4795.295247
95,NSAY01,Atlanta Regional Commission,Yes,4736,NSA,2020,NSA Y01,2721,352,776,235,28.5,7.8,776,235,28.5,7.8,678,216,24.9,7.2,98,130,3.6,4.8,0,93,0,3.4,1945,261,71.5,2.6,12.6,16.3,98,130,12.6,16.3,3279252.16,9470.073283
96,NSAY02,Atlanta Regional Commission,Yes,4737,NSA,2020,NSA Y02,2199,1068,1289,587,58.6,39.1,1286,587,58.5,39,874,329,39.7,24.4,413,493,18.8,20.5,3,69,0.1,3.1,909,405,41.4,27.3,32,35.4,413,493,32.1,35.5,1488582.551,5455.160323
97,NSAY03,Atlanta Regional Commission,Yes,4738,NSA,2020,NSA Y03,2160,371,1436,335,66.5,10.5,1436,335,66.5,10.5,1230,309,56.9,10.4,207,180,9.6,8.2,0,89,0,4.1,723,221,33.5,8.4,14.4,12.1,207,180,14.4,12.1,2405471.824,8450.428359
98,NSAY04,Atlanta Regional Commission,Yes,4739,NSA,2020,NSA Y04,1254,344,921,296,73.4,12.2,921,296,73.4,12.2,866,290,69.1,13.2,55,85,4.4,6.6,0,54,0,4.3,333,170,26.6,11.4,6,9,55,85,6,9,4522024.488,14214.6088
99,NSAZ01,Atlanta Regional Commission,Yes,4740,NSA,2020,NSA Z01,2757,562,1744,358,63.3,1.5,1744,358,63.3,1.5,1478,330,53.6,4.9,266,154,9.6,5.2,0,72,0,2.6,1013,288,36.7,7.3,15.2,8.3,266,154,15.2,8.3,6776177.66,15872.93073
100,NSAZ02,Atlanta Regional Commission,Yes,4741,NSA,2020,NSA Z02,1586,555,729,257,45.9,1.9,729,257,45.9,1.9,624,246,39.3,7.1,105,112,6.6,6.7,0,73,0,4.6,858,298,54.1,26.7,14.4,14.5,105,112,14.4,14.5,2403400.617,6942.534255
101,NSAZ03,Atlanta Regional Commission,Yes,4742,NSA,2020,NSA Z03,4461,700,2953,553,66.2,6.7,2953,553,66.2,6.7,2829,542,63.4,7,124,145,2.8,3.2,0,85,0,1.9,1509,435,33.8,8.2,4.2,4.9,124,145,4.2,4.9,12991815.41,17177.09468
102,NSAZ04,Atlanta Regional Commission,Yes,4743,NSA,2020,NSA Z04,2624,476,1702,347,64.9,6.1,1702,347,64.9,6.1,1501,321,57.2,6.5,201,140,7.7,5.2,0,64,0,2.4,922,300,35.1,9.5,11.8,7.9,201,140,11.8,7.9,7020066.176,13972.59655
103,NSAZ05,Atlanta Regional Commission,Yes,4744,NSA,2020,NSA Z05,1791,411,814,213,45.4,5.8,814,213,45.4,5.8,715,197,39.9,6.1,99,111,5.5,6.1,0,65,0,3.6,977,363,54.6,15.9,12.2,13.2,99,111,12.2,13.2,10600329.25,14534.29556
