OBJECTID,Geographic ID for geographic unit,Planning Region,ARC Modeling Area,Logical record number,Summary level of geographic unit,Geography Vintage,Name of geographic unit,"# Total households, 2022","# Total households, 2022 (MOE)","# Household income less than $10,000, 2022","# Household income less than $10,000, 2022 (MOE)","% Household income less than $10,000, 2022","% Household income less than $10,000, 2022 (MOE)","# Household income $10,000 to $14,999, 2022","# Household income $10,000 to $14,999, 2022 (MOE)","% Household income $10,000 to $14,999, 2022","% Household income $10,000 to $14,999, 2022 (MOE)","# Household income $15,000 to $24,999, 2022","# Household income $15,000 to $24,999, 2022 (MOE)","% Household income $15,000 to $24,999, 2022","% Household income $15,000 to $24,999, 2022 (MOE)","# Household income $25,000 to $34,999, 2022","# Household income $25,000 to $34,999, 2022 (MOE)","% Household income $25,000 to $34,999, 2022","% Household income $25,000 to $34,999, 2022 (MOE)","# Household income $35,000 to $49,999, 2022","# Household income $35,000 to $49,999, 2022 (MOE)","% Household income $35,000 to $49,999, 2022","% Household income $35,000 to $49,999, 2022 (MOE)","# Household income $50,000 to $74,999, 2022","# Household income $50,000 to $74,999, 2022 (MOE)","% Household income $50,000 to $74,999, 2022","% Household income $50,000 to $74,999, 2022 (MOE)","# Household income $75,000 to $99,999, 2022","# Household income $75,000 to $99,999, 2022 (MOE)","% Household income $75,000 to $99,999, 2022","% Household income $75,000 to $99,999, 2022 (MOE)","# Household income $100,000 to $149,999, 2022","# Household income $100,000 to $149,999, 2022 (MOE)","% Household income $100,000 to $149,999, 2022","% Household income $100,000 to $149,999, 2022 (MOE)","# Household income $150,000 to $199,999, 2022","# Household income $150,000 to $199,999, 2022 (MOE)","% Household income $150,000 to $199,999, 2022","% Household income $150,000 to $199,999, 2022 (MOE)","# Household income $200,000 or more, 2022","# Household income $200,000 or more, 2022 (MOE)","% Household income $200,000 or more, 2022","% Household income $200,000 or more, 2022 (MOE)","# Household income less than $35,000, 2022","# Household income less than $35,000, 2022 (MOE)","% Household income less than $35,000, 2022","% Household income less than $35,000, 2022 (MOE)","# Household income $35,000 to $74,999, 2022","# Household income $35,000 to $74,999, 2022 (MOE)","% Household income $35,000 to $74,999, 2022","% Household income $35,000 to $74,999, 2022 (MOE)","# Household income $75,000 to $199,999, 2022","# Household income $75,000 to $199,999, 2022 (MOE)","% Household income $75,000 to $199,999, 2022","% Household income $75,000 to $199,999, 2022 (MOE)","Median household income, 2022","Median household income, 2022 (MOE)","Aggregate household income, 2022","Aggregate household income, 2022 (MOE)","Mean household income, 2022","Mean household income, 2022 (MOE)","Median family income (dollars), 2022","Median family income (dollars), 2022 (MOE)","Median family income (dollars), single mother, 2022","Median family income (dollars), single mother, 2022 (MOE)","Median family income (dollars), single father, 2022","Median family income (dollars), single father, 2022 (MOE)","Median family income (dollars), single parent, 2022","Median family income (dollars), single parent, 2022 (MOE)","# Households with earnings, 2022","# Households with earnings, 2022 (MOE)","% Households with earnings, 2022","% Households with earnings, 2022 (MOE)","Mean household earnings (dollars), 2022","Mean household earnings (dollars), 2022 (MOE)","# Households with Social Security income, 2022","# Households with Social Security income, 2022 (MOE)","% Households with Social Security income, 2022","% Households with Social Security income, 2022 (MOE)","Mean household Social Security income (dollars), 2022","Mean household Social Security income (dollars), 2022 (MOE)","# Households with retirement income, 2022","# Households with retirement income, 2022 (MOE)","% Households with retirement income, 2022","% Households with retirement income, 2022 (MOE)","Mean household retirement income (dollars), 2022","Mean household retirement income (dollars), 2022 (MOE)","# Households with Supplemental Security Income, 2022","# Households with Supplemental Security Income, 2022 (MOE)","% Households with Supplemental Security Income, 2022","% Households with Supplemental Security Income, 2022 (MOE)","Mean household Supplemental Security Income (dollars), 2022","Mean household Supplemental Security Income (dollars), 2022 (MOE)","# Households with cash public assistance income, 2022","# Households with cash public assistance income, 2022 (MOE)","% Households with cash public assistance income, 2022","% Households with cash public assistance income, 2022 (MOE)","Mean household cash public assistance income (dollars), 2022","Mean household cash public assistance income (dollars), 2022 (MOE)","# Households with Food Stamp/SNAP benefits in past 12 months, 2022","# Households with Food Stamp/SNAP benefits in past 12 months, 2022 (MOE)","% Households with Food Stamp/SNAP benefits in past 12 months, 2022","% Households with Food Stamp/SNAP benefits in past 12 months, 2022 (MOE)","# Households with children receiving Food Stamps/SNAP, 2022","# Households with children receiving Food Stamps/SNAP, 2022 (MOE)","% Households with children receiving Food Stamps/SNAP, 2022","% Households with children receiving Food Stamps/SNAP, 2022 (MOE)","# Total population, 2022","# Total population, 2022 (MOE)","Per capita income (dollars), 2022","Per capita income (dollars), 2022 (MOE)",Shape__Area,Shape__Length
1,NSAA01,Atlanta Regional Commission,Yes,4642,NSA,2020,NSA A01,1651,223,18,24,1.1,1.4,8,13,0.5,0.8,14,26,0.9,1.6,26,35,1.6,2.1,82,72,5,4.3,128,109,7.8,6.5,130,69,7.9,4.1,177,70,10.7,4,157,72,9.5,4.1,909,194,55.1,9.1,66,51,4,3.1,210,131,12.7,7.7,465,122,28.2,6.3,,,697010946,204362481,422224,109837,,,146823,51727,,,,,1345,186,81.4,2.5,327244,43151,455,167,27.6,9.4,39499,14383,352,159,21.3,9.2,82676,41383,22,23,1.3,1.4,6692,9838,10,18,0.6,1.1,0,0,10,19,0.6,1.1,0,14,0,2.6,4049,503,175201.6,44581.3,15905323.77,18443.27625
2,NSAA02,Atlanta Regional Commission,Yes,4643,NSA,2020,NSA A02,1995,266,29,39,1.5,2,32,34,1.6,1.7,151,135,7.6,6.7,68,55,3.4,2.7,100,71,5,3.5,280,166,14,8.1,153,80,7.7,3.9,129,69,6.5,3.4,266,187,13.3,9.2,787,128,39.5,3.7,280,155,14,7.5,380,181,19,8.7,548,215,27.5,10.1,160486,20879,588167216,90772465,294824,22830,,,67516,7158,,,119637,49732,1583,258,79.3,7.5,286066,23292,645,189,32.3,8.4,26386,1695,345,113,17.3,5.2,73750,41568,13,28,0.6,1.4,0,0,82,169,4.1,8.5,0,0,65,54,3.2,2.7,0,15,0,3.2,4267,567,141103.9,11319.4,16106726.27,18135.98854
3,NSAA03,Atlanta Regional Commission,Yes,4644,NSA,2020,NSA A03,1407,220,12,24,0.8,1.7,13,27,0.9,1.9,9,21,0.6,1.5,54,74,3.8,5.2,56,64,4,4.5,110,82,7.8,5.7,143,103,10.2,7.1,213,107,15.1,7.2,115,89,8.2,6.2,682,185,48.5,10.7,88,85,6.2,6,166,104,11.8,7.2,471,173,33.5,11.1,190706,20850,498474010,127998880,354260,72244,,,,,12500,,53889,94613,1269,227,90.2,8,330995,75739,245,90,17.4,5.8,29745,6301,153,78,10.9,5.2,106572,73518,11,19,0.8,1.3,0,0,0,12,0,0.9,,,22,45,1.6,3.2,4,13,0.9,2.6,3422,710,142355.1,19017,10656054.5,19934.15237
4,NSAB01,Atlanta Regional Commission,Yes,4645,NSA,2020,NSA B01,2778,289,206,134,7.4,4.8,274,130,9.9,4.6,228,194,8.2,6.9,103,101,3.7,3.6,210,120,7.6,4.3,317,180,11.4,6.4,342,162,12.3,5.7,328,156,11.8,5.5,166,111,6,3.9,603,202,21.7,6.9,811,288,29.2,9.9,527,217,19,7.6,837,251,30.1,8.5,78713,8605,497997762,115180648,179275,37039,170836,34712,56875,6463,32500,1902,51875,12365,1729,299,62.2,8.6,202486,46431,1079,237,38.8,7.5,23303,2527,585,190,21.1,6.5,66380,39542,74,75,2.7,2.7,5741,5471,21,37,0.8,1.3,0,0,271,148,9.8,5.2,0,20,0,6.7,4583,483,110557.6,22531.1,3430643.953,8661.197373
5,NSAB02,Atlanta Regional Commission,Yes,4646,NSA,2020,NSA B02,2691,325,94,83,3.5,3.1,91,72,3.4,2.6,249,227,9.3,8.4,124,107,4.6,3.9,108,77,4,2.8,238,138,8.8,5,394,184,14.6,6.6,522,234,19.4,8.4,288,116,10.7,4.1,584,246,21.7,8.8,558,274,20.7,9.9,346,158,12.8,5.7,1203,319,44.7,10.6,107542,13560,409662203,98063341,152223,31468,149558,16743,57419,6091,34907,83552,57176,12190,2273,326,84.5,6.5,155129,32836,308,119,11.4,4.2,23404,5944,241,119,9,4.3,56888,19747,0,18,0,0.7,,,37,30,1.4,1.1,4432,675,169,101,6.3,3.7,0,18,0,3.7,4732,767,87272.8,15513.5,2606969.641,7289.746969
6,NSAB03,Atlanta Regional Commission,Yes,4647,NSA,2020,NSA B03,928,166,9,22,1,2.4,13,26,1.4,2.8,5,15,0.5,1.7,36,63,3.8,6.7,49,61,5.2,6.6,76,74,8.2,7.9,104,94,11.2,9.9,142,84,15.3,8.6,48,57,5.2,6,445,154,48,14.3,63,73,6.8,7.8,124,96,13.4,10.1,295,138,31.8,13.8,180934,29431,344388120,116539212,371259,106699,,,,,12500,,53889,94640,825,177,88.9,10.5,344765,114472,166,68,17.9,6.6,30007,2795,95,60,10.2,6.2,141758,109220,5,13,0.6,1.4,0,0,0,9,0,1,,,22,44,2.3,4.7,4,11,1.2,3,2213,642,150387.9,22425.9,2060608.504,7219.723642
7,NSAB04,Atlanta Regional Commission,Yes,4648,NSA,2020,NSA B04,6617,553,264,173,4,2.6,76,70,1.1,1,288,167,4.4,2.5,195,215,2.9,3.2,238,165,3.6,2.5,731,307,11.1,4.5,738,343,11.2,5.1,1253,362,18.9,5.2,856,277,12.9,4,1979,435,29.9,6.1,822,330,12.4,4.9,969,348,14.6,5.1,2847,571,43,7.8,132075,6114,1364227013,194849447,206185,23890,,,67053,3654,,,68079,3793,5843,563,88.3,4.2,192102,24781,1085,299,16.4,4.3,27569,10682,961,310,14.5,4.5,60400,26750,120,129,1.8,1.9,13930,7132,91,120,1.4,1.8,0,0,36,55,0.5,0.8,6,36,0.5,3,12158,1366,113035.4,9421.4,10043846.91,13792.6106
8,NSAB05,Atlanta Regional Commission,Yes,4649,NSA,2020,NSA B05,838,164,2,14,0.2,1.6,0,14,0,1.6,4,19,0.5,2.2,32,55,3.8,6.6,18,30,2.1,3.6,38,42,4.5,4.9,4,11,0.5,1.3,122,86,14.6,9.9,80,87,9.6,10.2,537,178,64.1,17.1,39,62,4.6,7.3,56,52,6.7,6,207,123,24.6,13.8,,,321890405,88352324,383953,73957,,,,,146875,,,,614,165,73.2,13.5,414704,83840,349,161,41.7,17.4,24316,13541,238,96,28.4,10,80369,44928,0,14,0,1.6,0,0,62,132,7.4,15.7,1,42,3,14,0.4,1.6,0,14,0,5.7,2160,365,149923.5,31862.6,3759273.148,9467.35384
9,NSAB06,Atlanta Regional Commission,Yes,4650,NSA,2020,NSA B06,2820,216,159,98,5.6,3.4,41,49,1.5,1.7,219,153,7.8,5.4,240,116,8.5,4,134,101,4.8,3.6,294,131,10.4,4.6,240,132,8.5,4.6,562,256,19.9,8.9,332,151,11.8,5.3,600,172,21.3,5.9,659,221,23.4,7.6,428,165,15.2,5.7,1133,325,40.2,11.1,105594,7472,566293183,198599631,200783,68713,137862,14817,56193,30670,,,56217,30682,1931,238,68.5,6.6,201861,74479,741,143,26.3,4.7,30232,4943,610,156,21.6,5.3,54270,15587,38,42,1.3,1.5,0,0,0,14,0,0.5,,,28,36,1,1.3,0,14,0,4.5,4749,474,119573.6,39695.4,1821778.063,6442.752215
10,NSAB07,Atlanta Regional Commission,Yes,4651,NSA,2020,NSA B07,2407,335,204,130,8.5,5.3,63,44,2.6,1.8,85,74,3.5,3,56,51,2.3,2.1,125,140,5.2,5.8,136,88,5.6,3.6,361,182,15,7.3,335,165,13.9,6.6,312,152,13,6.1,729,243,30.3,9.2,408,164,16.9,6.4,261,165,10.8,6.7,1009,289,41.9,10.5,117584,12089,419775017,82177706,174429,24025,,,165625,91842,,,175000,93587,2072,334,86.1,7,185113,25817,261,74,10.8,2.7,23343,7778,194,100,8.1,4,42807,16331,0,20,0,0.8,,,15,28,0.6,1.1,0,0,118,131,4.9,5.4,6,17,1.8,5.1,4210,688,97994.9,6722.7,2608713.137,8302.073906
11,NSAB08,Atlanta Regional Commission,Yes,4652,NSA,2020,NSA B08,5107,557,296,162,5.8,3.1,90,68,1.8,1.3,261,153,5.1,2.9,198,126,3.9,2.4,278,166,5.4,3.2,793,271,15.5,5,1081,344,21.2,6.3,788,258,15.4,4.8,478,178,9.4,3.3,844,408,16.5,7.8,845,265,16.6,4.9,1071,318,21,5.8,2347,465,46,7.6,89735,3279,789233631,324175536,154546,61198,134512,15981,7576,80885,48203,1264,47632,1575,4568,583,89.4,5.9,134518,36223,781,218,15.3,3.9,31703,8139,644,196,12.6,3.6,34557,6498,48,49,0.9,0.9,5046,4877,13,32,0.3,0.6,0,0,112,78,2.2,1.5,13,35,1.7,4.4,10308,2195,77938.2,28362.9,4177675.848,10184.11026
12,NSAB09,Atlanta Regional Commission,Yes,4653,NSA,2020,NSA B09,2232,232,138,128,6.2,5.7,67,54,3,2.4,54,70,2.4,3.1,237,157,10.6,7,111,89,5,3.9,452,229,20.2,10,172,112,7.7,4.9,243,151,10.9,6.6,126,93,5.6,4.1,634,181,28.4,7.6,496,221,22.2,9.6,562,246,25.2,10.7,541,209,24.2,9,83461,12266,320514066,61776901,143572,23285,,,57095,27342,,,57095,27342,1830,237,82,6.3,139097,26417,544,193,24.4,8.3,24489,1599,340,157,15.2,6.9,54826,17898,107,106,4.8,4.7,6080,1856,0,16,0,0.7,,,0,16,0,0.7,0,16,0,6.4,3633,405,87038.5,12692.6,2830795.52,7696.179733
13,NSAB10,Atlanta Regional Commission,Yes,4654,NSA,2020,NSA B10,2348,383,9,23,0.4,1,29,37,1.2,1.6,48,62,2.1,2.6,201,133,8.6,5.5,247,254,10.5,10.7,187,139,8,5.8,322,122,13.7,4.7,203,94,8.6,3.7,143,86,6.1,3.5,957,258,40.8,8.7,287,153,12.2,6.2,435,289,18.5,12,668,177,28.5,5.9,137846,20971,550271234,114828619,234400,30473,,,131463,15911,,,131463,15911,2117,383,90.2,7,226489,30039,434,108,18.5,3.5,30338,5201,265,94,11.3,3.5,45806,19858,14,24,0.6,1,0,0,14,24,0.6,1,0,0,27,33,1.2,1.4,16,27,2.9,4.9,5084,1037,108091.7,2423.5,2727334.543,7271.19507
14,NSAB11,Atlanta Regional Commission,Yes,4655,NSA,2020,NSA B11,3989,642,236,164,5.9,4,109,80,2.7,2,170,126,4.3,3.1,626,563,15.7,13.9,317,176,7.9,4.2,575,212,14.4,4.8,737,244,18.5,5.3,748,277,18.7,6.3,222,133,5.6,3.2,249,125,6.2,3,1141,605,28.6,14.5,892,275,22.4,5.9,1707,393,42.8,7,73274,5166,341563120,57425886,85635,4170,109320,17195,27500,1569,67500,,27802,1661,3505,688,87.9,9.9,89553,23261,496,521,12.4,12.9,4237,5716,549,527,13.8,13,9665,11423,66,56,1.6,1.4,4628,4259,23,37,0.6,0.9,0,0,61,51,1.5,1.2,0,21,0,18.2,6014,852,57842.8,4720.9,2209334.59,6839.35252
15,NSAC01,Atlanta Regional Commission,Yes,4656,NSA,2020,NSA C01,1425,196,3,18,0.2,1.2,28,42,1.9,2.9,14,23,1,1.6,58,69,4,4.8,92,69,6.4,4.8,117,74,8.2,5.1,223,121,15.7,8.2,164,73,11.5,4.9,175,102,12.3,6.9,552,174,38.7,11,102,86,7.1,5.9,209,102,14.6,6.8,563,174,39.5,10.9,154131,25793,338744904,93447721,237796,56849,,,142450,70100,169804,62725,156658,58915,1279,195,89.8,5.8,221777,30009,274,172,19.2,11.8,27259,24103,209,113,14.7,7.7,40589,31288,7,20,0.5,1.4,2977,11011,2,17,0.1,1.2,0,0,21,37,1.5,2.6,7,21,1.6,4.4,3516,619,97730.7,20192.2,4466907.398,14425.62153
16,NSAC02,Atlanta Regional Commission,Yes,4657,NSA,2020,NSA C02,1598,314,51,51,3.2,3.1,40,49,2.5,3,37,51,2.3,3.1,46,42,2.9,2.5,59,74,3.7,4.6,245,131,15.3,7.6,517,289,32.4,16.9,415,181,26,10.1,69,63,4.3,3.9,119,66,7.4,3.9,174,96,10.9,5.6,304,150,19,8.6,1001,347,62.6,17.9,90522,3836,189381600,42340034,118512,12639,91022,3626,88025,3922,87500,6458,87921,3394,1424,298,89.1,6.4,116364,11343,241,114,15.1,6.5,22148,7785,83,51,5.2,3,35451,9408,53,72,3.3,4.5,0,0,9,15,0.6,0.9,0,0,82,93,5.1,5.7,53,72,10.8,13.3,2858,667,67725.9,21944.1,1369783.348,5594.214447
17,NSAC03,Atlanta Regional Commission,Yes,4658,NSA,2020,NSA C03,1774,296,46,49,2.6,2.7,38,42,2.1,2.3,202,165,11.4,9.1,45,53,2.5,2.9,34,46,1.9,2.6,190,131,10.7,7.2,134,75,7.6,4,137,109,7.7,6,212,217,11.9,12.1,736,151,41.5,4.9,331,185,18.7,10,223,139,12.6,7.5,483,254,27.2,13.6,164460,20404,474430375,91981335,267432,26338,,,,,5000,8437,5000,8437,1386,292,78.1,10,285165,21341,519,164,29.3,7.8,23872,3099,239,96,13.5,4.9,80198,59245,20,34,1.1,1.9,0,0,132,214,7.4,12,0,0,73,54,4.1,3,0,18,0,3.7,4243,857,113776.3,32121.5,5820853.035,12002.50763
18,NSAC04,Atlanta Regional Commission,Yes,4659,NSA,2020,NSA C04,1054,168,32,34,3.1,3.2,14,28,1.3,2.6,36,47,3.4,4.4,41,56,3.9,5.3,25,39,2.4,3.7,52,56,4.9,5.3,138,99,13.1,9.1,163,111,15.5,10.3,84,82,8,7.7,468,122,44.4,9.1,123,85,11.7,7.9,77,69,7.3,6.4,386,170,36.6,15,164778,31336,373648878,107020449,354482,84418,,,,,12500,,53889,,786,171,74.5,11,323755,94236,356,108,33.8,8.8,33064,2378,268,99,25.5,8.4,116431,85279,23,29,2.2,2.7,17195,11697,0,11,0,1,,,6,25,0.6,2.4,1,11,0.5,4.7,2259,471,165815.1,31179.4,5412519.613,11407.54798
19,NSAC05,Atlanta Regional Commission,Yes,4660,NSA,2020,NSA C05,2245,207,103,98,4.6,4.3,45,54,2,2.4,56,66,2.5,2.9,191,113,8.5,5,187,138,8.3,6.1,290,175,12.9,7.7,335,167,14.9,7.3,370,143,16.5,6.2,235,137,10.5,6,434,173,19.3,7.5,394,172,17.6,7.5,477,222,21.2,9.7,940,259,41.9,10.9,93756,7141,299345001,56838984,133330,22116,144982,25600,46661,,,,46661,,1984,234,88.4,6.5,135550,22701,442,170,19.7,7.3,19460,10340,165,89,7.3,3.9,33320,13573,19,30,0.9,1.4,0,0,41,63,1.8,2.8,0,0,70,54,3.1,2.4,0,16,0,8.4,3654,413,82236,12621.7,2641575.277,8223.522464
20,NSAC06,Atlanta Regional Commission,Yes,4661,NSA,2020,NSA C06,1921,214,19,38,1,1.9,29,64,1.5,3.3,7,27,0.4,1.4,53,76,2.8,3.9,169,173,8.8,8.9,245,151,12.7,7.8,273,179,14.2,9.2,246,121,12.8,6.1,123,62,6.4,3.1,757,161,39.4,7.2,108,109,5.6,5.7,414,230,21.5,11.7,642,225,33.4,11.1,138613,13034,450344060,82498987,234441,34118,,,49500,11282,,,49500,11282,1820,200,94.7,14.8,231763,34758,142,36,7.4,1.7,20474,6640,140,52,7.3,2.6,41029,18799,9,18,0.5,0.9,0,0,0,18,0,0.9,,,0,18,0,0.9,0,18,0,3.1,4290,435,105319.6,15932.6,3209409.523,8754.384275
21,NSAD01,Atlanta Regional Commission,Yes,4662,NSA,2020,NSA D01,2255,224,63,57,2.8,2.5,51,55,2.3,2.4,63,58,2.8,2.5,126,106,5.6,4.7,172,105,7.6,4.6,187,92,8.3,4,339,174,15.1,7.6,228,107,10.1,4.7,332,138,14.7,6,692,156,30.7,6.2,304,145,13.5,6.3,360,139,15.9,6,899,247,39.9,10.2,118461,20808,359819180,60148484,159576,21467,170236,13417,93194,30467,175000,17636,105693,24743,2122,226,94.1,3.6,157227,18415,149,74,6.6,3.2,17596,11299,161,104,7.1,4.6,10664,7369,62,52,2.8,2.3,11018,4058,8,26,0.4,1.1,0,0,110,78,4.9,3.4,11,26,1.6,3.6,5187,559,70519.9,8983.2,9721573.441,20009.38273
22,NSAD02,Atlanta Regional Commission,Yes,4663,NSA,2020,NSA D02,1676,240,6,31,0.4,1.8,17,43,1,2.6,32,67,1.9,4,63,74,3.8,4.4,82,76,4.9,4.5,131,131,7.8,7.7,312,215,18.6,12.6,383,249,22.9,14.5,221,147,13.2,8.6,428,221,25.6,12.7,118,113,7,6.7,213,151,12.7,8.8,916,361,54.7,20,128166,10320,275608827,86166259,164482,45692,,,111080,33629,122406,,113309,11414,1629,242,97.2,3.9,163040,44879,135,143,8,8.5,12721,18367,98,82,5.8,4.8,20236,19354,1,19,0.1,1.1,0,0,10,21,0.6,1.3,0,0,11,30,0.6,1.8,2,19,0.6,4.7,3314,631,84002.4,21692.3,4027475.746,11916.39208
23,NSAD03,Atlanta Regional Commission,Yes,4664,NSA,2020,NSA D03,2813,384,94,92,3.4,3.3,79,130,2.8,4.6,162,148,5.8,5.2,50,66,1.8,2.3,165,202,5.9,7.1,386,241,13.7,8.3,142,140,5,4.9,656,380,23.3,13.1,454,225,16.1,7.7,626,305,22.3,10.4,385,228,13.7,7.9,550,314,19.6,10.8,1252,463,44.5,15.3,117782,5676,427728401,132034733,152044,42108,184948,20796,105617,27831,112500,10607,106971,6287,2665,392,94.7,5.3,150562,41022,207,205,7.3,7.2,15460,17993,383,189,13.6,6.4,11564,8512,52,62,1.8,2.2,7448,1963,5,23,0.2,0.8,0,0,116,141,4.1,5,68,132,15.7,29,5301,1000,82790.3,21353,10698895.03,23154.53017
24,NSAE01,Atlanta Regional Commission,Yes,4665,NSA,2020,NSA E01,1826,215,40,34,2.2,1.9,0,20,0,1.1,121,72,6.6,3.9,55,48,3,2.6,60,64,3.3,3.5,185,103,10.2,5.5,204,96,11.2,5.1,324,130,17.8,6.8,279,129,15.3,6.9,558,131,30.5,6.2,216,95,11.8,5,246,121,13.4,6.5,807,207,44.2,10.1,129188,16959,498280876,100986980,272869,45041,196707,10340,,,,,,,1508,211,82.6,6.3,277259,46699,516,130,28.2,6.3,22704,3540,395,115,21.6,5.7,47206,9291,0,20,0,1.1,,,0,20,0,1.1,,,0,20,0,1.1,0,20,0,7.4,3685,396,139302.6,22871,3480664.941,7646.314282
25,NSAE02,Atlanta Regional Commission,Yes,4666,NSA,2020,NSA E02,1936,304,304,203,15.7,10.2,64,60,3.3,3,118,80,6.1,4,40,38,2.1,1.9,326,215,16.8,10.8,252,104,13,4.9,286,117,14.8,5.6,328,154,17,7.5,140,88,7.2,4.4,78,69,4,3.5,526,229,27.2,11.1,578,238,29.8,11.4,754,212,39,9.1,59953,8574,146796642,30738787,75810,10498,100461,15996,,,,,,,1694,267,87.5,0.8,85079,12281,103,151,5.3,7.7,0,0,97,126,5,6.4,13435,24463,86,151,4.5,7.8,0,0,14,24,0.7,1.2,0,0,79,84,4.1,4.3,41,79,69,88.7,10528,612,16975.4,2798.9,3480238.813,9024.907722
26,NSAE03,Atlanta Regional Commission,Yes,4667,NSA,2020,NSA E03,2200,233,262,222,11.9,10,32,38,1.5,1.7,35,33,1.6,1.5,126,134,5.7,6,142,130,6.5,5.9,243,142,11,6.4,316,173,14.4,7.7,405,146,18.4,6.3,189,106,8.6,4.7,450,145,20.5,6.2,455,264,20.7,11.8,385,193,17.5,8.6,910,250,41.4,10.5,95569,7679,326200948,70650405,148294,28027,191007,36395,27499,1228,,,27499,1228,1862,239,84.7,6.1,151751,26288,219,89,10,3.9,23007,7670,154,96,7,4.3,44737,18537,18,30,0.8,1.3,0,0,0,15,0,0.7,0,0,1,16,0,0.7,0,15,0.1,6.6,3691,527,89765.3,14353.1,1301377.859,5574.154443
27,NSAE04,Atlanta Regional Commission,Yes,4668,NSA,2020,NSA E04,3126,393,282,157,9,4.9,102,150,3.3,4.8,113,129,3.6,4.1,168,142,5.4,4.5,322,255,10.3,8.1,414,251,13.2,7.8,247,156,7.9,4.9,696,318,22.3,9.8,244,159,7.8,5,538,303,17.2,9.5,665,290,21.3,8.9,735,358,23.5,11,1187,388,38,11.5,91440,10643,394537400,141154751,126210,42273,123641,17379,29464,20126,112500,,50224,15373,2851,407,91.2,6.2,131385,44826,141,146,4.5,4.6,18091,25411,432,201,13.8,6.2,8868,5581,41,66,1.3,2.1,0,0,11,36,0.3,1.1,0,0,157,179,5,5.7,141,175,53.3,49,5933,1084,68772.3,20645.1,2557360.66,6642.845109
28,NSAE05,Atlanta Regional Commission,Yes,4669,NSA,2020,NSA E05,1882,236,77,105,4.1,5.6,22,40,1.2,2.1,18,38,1,2,47,59,2.5,3.1,124,144,6.6,7.6,429,193,22.8,9.8,145,100,7.7,5.2,303,155,16.1,8,291,212,15.5,11.1,426,144,22.6,7.1,164,132,8.7,6.9,553,240,29.4,12.2,739,281,39.3,14.1,108404,9392,371793600,96429015,197552,44829,196560,13736,5000,2261,,,5000,2261,1726,270,91.7,8.6,194683,45560,153,105,8.1,5.5,26318,12914,181,103,9.6,5.3,27857,6371,0,20,0,1.1,,,17,30,0.9,1.6,0,0,96,109,5.1,5.8,94,110,34.6,37,3669,534,100406.5,21307.7,2520613.637,8266.806355
29,NSAE06,Atlanta Regional Commission,Yes,4670,NSA,2020,NSA E06,2360,332,322,185,13.6,7.6,35,48,1.5,2,71,90,3,3.8,147,121,6.2,5.1,222,165,9.4,6.8,260,149,11,6.1,303,162,12.8,6.6,497,198,21.1,7.9,184,92,7.8,3.8,320,148,13.6,6,575,243,24.3,9.7,482,222,20.4,9,983,272,41.7,9.9,85185,7967,264248467,79318271,111960,29683,134161,14579,54295,54662,,,54295,54662,2055,325,87.1,6.3,123306,33027,105,114,4.4,4.8,10211,6590,125,108,5.3,4.5,13198,5266,43,103,1.8,4.3,0,0,16,32,0.7,1.4,0,0,59,76,2.5,3.2,42,70,50.3,68.3,4886,644,56993.6,14695.2,1857052.359,5937.004211
30,NSAE07,Atlanta Regional Commission,Yes,4671,NSA,2020,NSA E07,17219,1185,1099,488,6.4,2.8,402,222,2.3,1.3,600,280,3.5,1.6,784,530,4.6,3.1,910,313,5.3,1.8,2345,766,13.6,4.3,1926,425,11.2,2.3,3683,528,21.4,2.7,2048,468,11.9,2.6,3422,594,19.9,3.2,2884,804,16.8,4.5,3255,827,18.9,4.6,7658,824,44.5,3.7,106336,3034,2369883428,229417132,137634,9367,199523,4395,27639,35464,32500,2025,29042,4417,15937,1139,92.6,1.8,138355,10260,1286,294,7.5,1.6,19811,1734,1798,454,10.4,2.5,38288,3668,193,165,1.1,1,0,0,228,159,1.3,0.9,0,0,460,195,2.7,1.1,138,144,19.1,19.1,26889,1585,89041,6683,6944955.68,15032.70165
31,NSAF01,Atlanta Regional Commission,Yes,4672,NSA,2020,NSA F01,1800,254,3,17,0.2,0.9,0,15,0,0.8,44,66,2.4,3.7,47,56,2.6,3.1,140,122,7.8,6.7,301,134,16.7,7.1,282,146,15.7,7.8,374,190,20.8,10.1,218,181,12.1,9.9,390,218,21.6,11.7,95,89,5.3,4.9,441,182,24.5,9.5,875,300,48.6,15.2,108043,8267,300327053,79458878,166834,37340,,,43468,79037,87500,,43641,24425,1677,265,93.1,6.6,149109,32432,96,61,5.3,3.3,24896,15953,101,67,5.6,3.6,54207,24063,6,21,0.4,1.1,0,0,0,15,0,0.8,,,4,18,0.2,1,4,18,2.4,10.9,3165,538,94989.9,18568.1,2470843.895,7010.338831
32,NSAF02,Atlanta Regional Commission,Yes,4673,NSA,2020,NSA F02,2300,304,35,41,1.5,1.8,191,179,8.3,7.7,181,144,7.9,6.2,122,95,5.3,4.1,288,186,12.5,7.9,351,188,15.3,7.9,219,181,9.5,7.8,410,151,17.8,6.1,293,210,12.7,9,210,117,9.1,5,528,252,23,10.5,640,265,27.8,10.9,922,316,40.1,12.7,73934,7771,230561150,50473679,100224,17481,122492,18255,112209,4655,112500,,112238,4405,1968,308,85.5,7.1,106432,18829,356,197,15.5,8.3,15506,11179,315,178,13.7,7.5,14183,2814,205,195,8.9,8.4,4265,3469,28,37,1.2,1.6,0,0,243,194,10.6,8.3,0,19,0,8.6,3753,547,62810.6,10327.5,2737633.727,7276.153048
33,NSAF03,Atlanta Regional Commission,Yes,4674,NSA,2020,NSA F03,4712,535,190,113,4,2.4,73,63,1.5,1.3,359,265,7.6,5.6,105,101,2.2,2.1,300,132,6.4,2.7,568,221,12,4.5,710,269,15.1,5.4,778,368,16.5,7.6,333,116,7.1,2.3,1297,199,27.5,2.8,726,312,15.4,6.4,868,257,18.4,5,1821,470,38.6,9,103882,8465,918708174,178521299,194955,30753,,,38949,61066,135679,64257,128881,53007,4015,454,85.2,13.7,198238,31799,683,297,14.5,6.1,21274,12831,764,402,16.2,8.3,87612,29437,119,194,2.5,4.1,8396,6460,51,58,1.1,1.2,0,0,220,206,4.7,4.3,24,38,3,4.8,9081,1030,102841.7,16477.3,4089339.578,8944.04861
34,NSAF04,Atlanta Regional Commission,Yes,4675,NSA,2020,NSA F04,4827,528,68,71,1.4,1.5,91,110,1.9,2.3,467,377,9.7,7.7,265,205,5.5,4.2,53,69,1.1,1.4,448,200,9.3,4,409,236,8.5,4.8,824,335,17.1,6.7,517,189,10.7,3.7,1685,243,34.9,3.3,891,449,18.5,9.1,501,212,10.4,4.2,1750,451,36.3,8.5,133868,10239,990425434,156413567,205191,23371,,,118014,17834,94982,61554,114934,14189,4127,477,85.5,3.2,200899,22601,789,267,16.3,5.2,26555,11616,839,385,17.4,7.7,50800,14952,88,118,1.8,2.4,3548,5707,12,31,0.2,0.7,0,0,130,126,2.7,2.6,40,37,3.9,3.5,10344,1035,96612.2,11848.9,8850582.66,17079.69727
35,NSAF05,Atlanta Regional Commission,Yes,4676,NSA,2020,NSA F05,1154,207,256,118,22.2,9.4,62,56,5.4,4.7,31,34,2.7,2.9,48,53,4.2,4.5,141,99,12.2,8.3,273,118,23.6,9.3,112,73,9.7,6.1,127,117,11,10,59,93,5.1,8,44,32,3.8,2.7,398,145,34.4,10.9,414,154,35.9,11.7,298,166,25.8,13.6,52876,6811,74969996,24210739,64951,17462,115059,28936,84304,,,,86222,,664,188,57.5,12.6,83707,24715,273,108,23.7,8.3,21576,5304,191,93,16.6,7.5,46769,23973,39,61,3.3,5.2,0,0,10,20,0.9,1.7,0,0,50,59,4.3,5,25,40,38.2,57.3,5181,440,17291.8,4093.4,4641739.523,19264.98111
36,NSAG01,Atlanta Regional Commission,Yes,4677,NSA,2020,NSA G01,942,166,92,88,9.8,9.2,75,65,8,6.8,102,67,10.9,6.8,131,108,14,11.2,118,78,12.5,8,188,159,19.9,16.5,97,57,10.3,5.8,103,87,10.9,9.1,14,17,1.5,1.8,21,29,2.2,3,401,168,42.6,16.1,305,177,32.4,17.9,214,106,22.8,10.5,42564,7594,52048084,14096294,55267,11373,36124,5463,25755,7096,47500,,26586,7337,763,178,81,12.3,54869,10192,254,129,26.9,12.8,14512,7024,212,160,22.5,16.5,14892,15476,117,63,12.5,6.3,9454,5117,18,26,1.9,2.8,0,0,287,118,30.5,11.3,158,103,52.2,23.9,2449,569,23050.9,3058.5,9019914.938,14086.79624
37,NSAG02,Atlanta Regional Commission,Yes,4678,NSA,2020,NSA G02,1202,275,137,124,11.4,10,276,170,23,13.1,125,79,10.4,6.1,91,73,7.6,5.8,176,133,14.7,10.5,232,271,19.3,22.1,84,99,7,8.1,46,48,3.8,3.9,35,55,2.9,4.5,0,15,0,1.2,629,236,52.3,15.6,408,301,34,23.9,165,123,13.7,9.8,32917,6114,47351329,17719774,39406,11668,38469,7864,16607,11881,,,16607,11881,836,305,69.6,19.7,36469,17940,465,236,38.7,17.5,19976,12785,287,243,23.9,19.5,13273,9793,152,107,12.7,8.4,12020,7861,88,112,7.3,9.2,4313,1537,518,210,43.1,14.4,255,146,75.4,27,3102,913,16066.8,1539.7,3890120.027,10654.14087
38,NSAG03,Atlanta Regional Commission,Yes,4679,NSA,2020,NSA G03,2072,313,219,166,10.6,7.8,135,123,6.5,5.9,181,136,8.7,6.4,158,144,7.6,6.9,154,122,7.5,5.8,338,250,16.3,11.8,253,150,12.2,7,302,160,14.6,7.4,50,51,2.4,2.5,281,180,13.6,8.5,693,286,33.5,12.9,492,278,23.8,12.9,605,225,29.2,9.9,60292,6943,190238752,61874118,91824,26439,64138,15378,11382,3100,47500,1924,12822,8434,1685,340,81.3,10.9,94929,25231,619,194,29.9,8.2,18656,3994,423,247,20.4,11.5,14801,11729,136,99,6.6,4.7,8232,6272,17,35,0.8,1.7,0,0,522,203,25.2,9,220,159,41.7,21.5,5019,957,39667.7,9444.4,7786705.695,16882.11716
39,NSAH01,Atlanta Regional Commission,Yes,4680,NSA,2020,NSA H01,1410,366,324,219,23,14.4,180,101,12.8,6.3,121,90,8.6,6,125,73,8.8,4.6,101,62,7.2,4,218,130,15.5,8.3,246,229,17.5,15.6,48,49,3.4,3.3,31,37,2.2,2.5,15,20,1.1,1.4,751,268,53.2,13,319,144,22.6,8.3,326,237,23.1,15.7,31768,6532,63873447,24376180,45299,12678,53164,10336,8455,12829,78354,42328,9123,13101,898,297,63.7,13.1,49058,19371,489,132,34.7,2.5,13150,2278,370,117,26.2,4.7,23468,8110,238,217,16.8,14.7,9922,6155,23,28,1.6,1.9,61,153,582,337,41.3,21.4,194,150,49.2,30.5,4039,1727,17312.6,10225.5,7705860.758,13776.83925
40,NSAH02,Atlanta Regional Commission,Yes,4681,NSA,2020,NSA H02,858,244,154,93,18,9.6,91,69,10.6,7.5,94,83,11,9.2,63,56,7.3,6.2,122,105,14.3,11.5,108,101,12.6,11.2,154,189,17.9,21.4,38,45,4.4,5.1,27,38,3.1,4.3,7,22,0.8,2.6,402,153,46.9,11.9,230,145,26.8,15.1,218,198,25.5,21.9,37114,7480,41076031,20243960,47857,19278,49533,9692,14127,13206,36395,21298,14446,13172,574,255,66.9,22.8,50936,23013,266,105,31,8.5,14075,7571,148,89,17.3,9.1,31011,24528,180,159,21,17.5,13031,11209,27,41,3.1,4.7,23,90,360,204,42,20.6,170,128,62,22.4,2893,1973,16374.8,14343.4,3735944.539,10084.54321
41,NSAH03,Atlanta Regional Commission,Yes,4682,NSA,2020,NSA H03,1744,259,109,95,6.2,5.4,136,88,7.8,4.9,227,186,13,10.5,77,76,4.4,4.3,331,240,19,13.5,270,184,15.5,10.3,296,252,17,14.2,130,127,7.5,7.2,88,95,5,5.4,80,83,4.6,4.7,549,239,31.5,12.9,601,303,34.5,16.6,514,297,29.5,16.5,49814,5127,129667820,46866907,74358,24505,55156,8761,37130,11877,37500,,37239,11349,1322,312,75.8,13.9,66274,24918,549,219,31.5,11.6,20327,9922,442,209,25.4,11.4,45351,29275,193,134,11.1,7.5,10823,4273,41,62,2.3,3.5,1058,2926,524,218,30.1,11.7,277,172,64.2,28.4,4292,792,32036.9,9455.8,3798888.477,11439.82868
42,NSAH04,Atlanta Regional Commission,Yes,4683,NSA,2020,NSA H04,2038,450,110,97,5.4,4.6,26,40,1.3,1.9,273,218,13.4,10.3,125,100,6.1,4.7,424,292,20.8,13.6,348,237,17.1,11,492,391,24.1,18.4,97,109,4.8,5.2,81,77,4,3.7,62,81,3.1,3.9,534,262,26.2,11.5,772,376,37.9,16.5,669,413,32.9,18.9,52886,3777,134317757,43222569,65908,15431,67010,8409,45704,11589,,,45704,11589,1568,497,77,17.5,61829,17706,613,215,30.1,8.2,22281,11500,613,239,30.1,9.7,29750,18795,150,120,7.3,5.7,13129,7659,34,46,1.7,2.2,103,117,731,457,35.9,21,369,248,78.8,35.2,5141,1302,27835.5,5766.9,8670843.621,17552.49449
43,NSAI01,Atlanta Regional Commission,Yes,4684,NSA,2020,NSA I01,1403,278,245,247,17.4,17.2,77,61,5.5,4.2,147,118,10.5,8.2,90,100,6.4,7,175,131,12.4,9,155,115,11,7.9,262,140,18.7,9.3,135,113,9.6,7.8,74,62,5.3,4.3,44,55,3.1,3.9,559,297,39.9,19.7,329,174,23.5,11.5,471,190,33.5,11.8,47966,9347,94536641,27986508,67382,14803,47127,8665,8938,9449,86246,,9071,9627,904,223,64.4,9.5,64423,18169,503,199,35.8,12.3,18671,9540,447,182,31.9,11.3,38264,20704,166,168,11.8,11.8,8935,4535,38,147,2.7,10.5,39,313,427,227,30.4,15,146,169,74.9,38.5,2915,810,34027.1,2343.8,6676276.523,14025.32631
44,NSAI02,Atlanta Regional Commission,Yes,4685,NSA,2020,NSA I02,1329,280,78,129,5.8,9.6,20,29,1.5,2.1,70,77,5.2,5.7,36,69,2.7,5.1,111,91,8.3,6.6,333,198,25,14,220,211,16.5,15.5,204,148,15.3,10.7,126,113,9.5,8.3,133,133,10,9.8,203,168,15.3,12.2,443,218,33.4,14.8,550,282,41.3,19.3,77028,6852,154150016,63733687,115966,41250,80823,8784,70698,9227,55825,,70439,9216,1076,270,80.9,11,97707,42844,470,200,35.3,13.1,17948,10792,409,207,30.7,14.2,59279,29953,111,144,8.4,10.7,9211,2387,37,110,2.8,8.3,2359,8789,163,147,12.2,10.8,50,71,21.6,26.8,2860,617,55974.8,16752.8,7335642.789,21061.88701
45,NSAI03,Atlanta Regional Commission,Yes,4686,NSA,2020,NSA I03,2175,308,232,212,10.7,9.6,195,129,9,5.8,199,167,9.2,7.6,286,175,13.2,7.8,220,161,10.1,7.3,336,191,15.5,8.5,331,196,15.2,8.8,166,129,7.6,5.8,149,123,6.9,5.6,60,65,2.7,2.9,913,347,42,14.8,556,250,25.6,10.9,647,265,29.7,11.4,45583,6108,150750424,45534230,69321,18486,62310,6820,29380,19547,87500,,29820,19623,1525,278,70.1,8.1,66102,21235,836,248,38.5,10,16947,3739,507,213,23.3,9.2,42835,21650,208,166,9.6,7.5,14518,16152,90,158,4.1,7.3,433,1219,491,259,22.6,11.5,157,176,42.8,38.6,4800,887,33344.6,7691.2,9598588.488,19901.57716
46,NSAI04,Atlanta Regional Commission,Yes,4687,NSA,2020,NSA I04,2356,386,272,182,11.5,7.5,220,154,9.3,6.4,408,313,17.3,13,269,188,11.4,7.7,346,210,14.7,8.6,391,195,16.6,7.8,101,83,4.3,3.4,96,85,4.1,3.5,101,85,4.3,3.5,152,105,6.5,4.3,1169,436,49.6,16.6,737,287,31.3,11.1,298,146,12.7,5.8,35998,5018,143957610,35720301,61093,11391,41559,8799,22018,1099,8605,10711,21734,1315,1402,264,59.5,5.5,64633,14074,1119,361,47.5,13.2,14417,6049,797,324,33.8,12.6,34704,20369,251,179,10.7,7.4,3527,2042,17,34,0.7,1.4,0,0,758,196,32.2,6.4,228,179,64,37.3,4910,841,30295.1,5391.5,7275490.152,11317.64876
47,NSAI05,Atlanta Regional Commission,Yes,4688,NSA,2020,NSA I05,1631,240,219,137,13.4,8.2,257,129,15.8,7.6,184,140,11.3,8.4,152,113,9.3,6.8,194,130,11.9,7.8,206,143,12.6,8.6,207,176,12.7,10.6,96,97,5.9,5.9,80,93,4.9,5.7,35,50,2.2,3,813,261,49.9,14.2,400,193,24.5,11.3,382,222,23.4,13.2,35111,3991,95277707,38176101,58420,21777,39718,7652,21125,10882,37299,17107,22219,10879,1107,252,67.9,11.8,58017,24693,571,196,35,10.8,15021,3129,256,146,15.7,8.7,48104,34635,286,166,17.5,9.8,12555,5519,70,92,4.3,5.6,452,1554,542,196,33.3,11,256,168,54.1,24.7,4347,1497,23849.2,4522.3,5132404.758,15661.15038
48,NSAJ01,Atlanta Regional Commission,Yes,4689,NSA,2020,NSA J01,1141,270,121,111,10.6,9.4,203,142,17.8,11.8,139,92,12.2,7.5,152,133,13.3,11.2,163,128,14.3,10.7,213,231,18.7,19.8,79,91,6.9,7.8,47,48,4.1,4,24,46,2.1,4,0,14,0,1.3,615,242,53.9,17,376,264,32.9,21.8,150,112,13.2,9.3,32889,3410,45413784,15737203,39800,10078,37384,8330,18316,5102,17500,,18115,3699,777,276,68.1,18.1,37422,17813,438,225,38.4,17.5,20200,12202,258,208,22.6,17.4,16958,7277,128,93,11.2,7.7,12300,7896,60,93,5.3,8.1,4313,1775,480,199,42.1,14.3,260,151,74.6,28.5,2972,838,16093.3,1241.8,4105310.043,12151.91336
49,NSAJ02,Atlanta Regional Commission,Yes,4690,NSA,2020,NSA J02,1893,414,267,329,14.1,17.1,185,110,9.7,5.4,212,118,11.2,5.7,303,176,16,8.6,263,144,13.9,7,282,161,14.9,7.8,212,178,11.2,9.1,38,46,2,2.4,85,78,4.5,4,47,51,2.5,2.7,967,406,51.1,18.3,545,216,28.8,9.5,334,199,17.7,9.8,34367,3388,99166322,27628849,52390,9034,39121,6822,23532,10795,17500,1961,21824,9064,1213,293,64.1,6.6,65120,14471,518,190,27.4,8.1,16632,7324,359,145,19,6.4,16282,5847,205,105,10.8,5,11830,2816,35,49,1.9,2.5,1095,4282,539,190,28.5,7.9,303,168,70.3,26.6,4592,926,22763.4,4162,8488166.445,17378.11651
50,NSAJ03,Atlanta Regional Commission,Yes,4691,NSA,2020,NSA J03,1303,351,385,316,29.6,22.9,91,63,7,4.5,144,86,11.1,5.9,164,131,12.6,9.4,131,90,10,6.3,153,80,11.7,5.2,161,156,12.4,11.5,46,37,3.5,2.7,17,19,1.3,1.4,10,28,0.8,2.1,785,359,60.3,22.2,283,120,21.8,7.1,224,161,17.2,11.5,27766,5448,50574505,15599203,38829,5804,34817,6850,21051,7829,17508,,20255,7201,673,200,51.6,6.5,50884,13861,390,128,29.9,5.6,17710,6024,204,77,15.6,4.1,21304,7947,155,68,11.9,4.1,8418,3057,36,38,2.8,2.8,1759,1830,438,143,33.6,6.2,229,130,60.6,27.1,3297,655,17817.5,3787,4445578.684,11118.19996
51,NSAK01,Atlanta Regional Commission,Yes,4692,NSA,2020,NSA K01,1794,384,291,344,16.2,18.9,170,96,9.5,5,212,112,11.8,5.7,131,87,7.3,4.6,124,75,6.9,3.9,220,93,12.3,4.4,254,194,14.1,10.4,178,82,9.9,4,99,52,5.5,2.6,114,64,6.4,3.3,805,384,44.9,19.1,344,119,19.2,5.2,530,217,29.6,10.3,43706,9336,126560098,25616812,70552,20793,66896,14518,23493,8824,19134,3002,21552,3554,1172,232,65.3,19,88006,11127,523,140,29.2,4.7,15262,3002,314,90,17.5,3.3,25149,6715,143,95,8,5,14547,13625,73,91,4.1,5,1449,2361,417,165,23.3,7.7,171,87,37,14.6,4129,715,33860.9,4681.4,3440514.75,8763.554786
52,NSAK02,Atlanta Regional Commission,Yes,4693,NSA,2020,NSA K02,1320,324,222,268,16.8,19.9,126,89,9.5,6.3,221,121,16.7,8.2,135,93,10.2,6.6,144,86,10.9,6,113,72,8.6,5,204,163,15.4,11.7,49,40,3.7,2.9,80,66,6,4.8,27,36,2,2.7,704,321,53.3,20.5,257,112,19.5,7,332,180,25.1,12.2,31131,5361,68677866,18649928,52019,6072,30162,6335,22027,8652,17522,1660,19162,3974,890,223,67.4,3.6,57238,12170,440,146,33.3,7.4,15759,3133,197,94,14.9,6.1,19058,6196,162,110,12.3,7.8,9917,9502,45,53,3.4,4,792,646,421,158,31.9,9.1,172,103,51.6,24.2,3047,589,24073.9,4604,3398269.992,9661.803669
53,NSAK03,Atlanta Regional Commission,Yes,4694,NSA,2020,NSA K03,377,41,0,14,0,3.6,6,9,1.5,2.3,59,65,15.6,17.1,9,19,2.3,5.1,22,28,5.9,7.3,55,36,14.5,9.3,35,20,9.2,5.1,60,29,15.8,7.5,57,55,15.1,14.5,76,27,20.2,6.9,73,69,19.4,18.3,77,45,20.4,11.7,151,65,40.1,16.7,102857,29233,51202011,12400351,135979,29386,124219,50394,55556,18827,150000,,57778,53545,312,74,82.9,17.6,149662,21510,55,32,14.5,8.4,17000,12752,36,20,9.4,5.1,18727,10464,8,11,2,2.9,0,0,6,9,1.5,2.3,0,0,23,27,6.1,7.3,17,26,26.5,39.2,2783,277,28152.8,6004.5,2098902.676,7089.292161
54,NSAL01,Atlanta Regional Commission,Yes,4695,NSA,2020,NSA L01,1666,219,288,115,17.3,6.5,206,85,12.4,4.8,193,99,11.6,5.7,163,84,9.8,4.9,327,145,19.6,8.3,249,165,14.9,9.7,129,78,7.7,4.6,91,70,5.5,4.1,20,26,1.2,1.6,0,20,0,1.2,850,193,51,9.5,576,220,34.6,12.4,240,108,14.4,6.2,33365,4494,66217500,14579716,39746,7018,37743,2958,13857,4585,58125,9438,14786,4599,1178,167,70.7,3.7,43059,7913,532,180,31.9,10,16259,8808,305,160,18.3,9.3,12710,5950,224,99,13.4,5.7,9723,1782,42,33,2.5,2,0,0,757,202,45.4,10.6,186,86,49.1,16.7,4194,699,16707.8,1962.6,1924442.25,5615.160826
55,NSAL02,Atlanta Regional Commission,Yes,4696,NSA,2020,NSA L02,1300,178,144,106,11.1,8,110,73,8.4,5.5,132,91,10.2,6.9,80,72,6.1,5.5,135,79,10.4,5.9,238,117,18.3,8.7,130,118,10,8.9,225,112,17.3,8.2,51,53,3.9,4,56,69,4.3,5.3,466,174,35.8,12.4,373,142,28.7,10.2,405,170,31.2,12.4,53746,7419,93064972,29126753,71589,20134,79862,21844,9712,12205,,,9712,12205,1059,178,81.5,7.8,79655,23692,294,116,22.6,8.4,12532,2162,171,88,13.1,6.5,10234,3783,100,68,7.7,5.1,10024,1839,47,51,3.6,3.9,545,718,382,131,29.4,9.2,95,67,60.5,29.2,2543,378,36982.2,10041,2881399.188,8623.963896
56,NSAM01,Atlanta Regional Commission,Yes,4697,NSA,2020,NSA M01,7761,641,766,336,9.9,4.2,655,192,8.4,2.4,477,187,6.1,2.3,446,185,5.7,2.3,880,380,11.3,4.8,1448,371,18.7,4.5,1092,330,14.1,4.1,1075,270,13.9,3.3,470,158,6.1,2,451,149,5.8,1.9,2344,468,30.2,5.5,2328,531,30,6.4,2638,455,34,5.1,59072,2787,616903181,68860502,79485,5968,75023,11763,54490,1729,18917,,54317,1752,6607,638,85.1,4.3,85768,6045,833,203,10.7,2.5,13243,4556,995,241,12.8,2.9,18802,10133,293,128,3.8,1.6,9643,3965,48,55,0.6,0.7,0,0,1254,258,16.2,3,332,94,70.9,11.9,19037,892,34839.5,3298.2,8568665.699,12855.82528
57,NSAM02,Atlanta Regional Commission,Yes,4698,NSA,2020,NSA M02,9949,747,1100,411,11.1,4,816,407,8.2,4,561,201,5.6,2,301,146,3,1.5,587,216,5.9,2.1,1092,277,11,2.7,1262,401,12.7,3.9,1779,414,17.9,3.9,1129,249,11.3,2.4,1323,257,13.3,2.4,2777,629,27.9,6,1679,351,16.9,3.3,4170,628,41.9,5.5,85261,3921,1140713280,123904826,114661,9001,133064,9873,15488,3125,,,18964,5714,8021,655,80.6,2.6,131582,10628,1671,444,16.8,4.3,16589,3167,783,245,7.9,2.4,23480,9163,476,191,4.8,1.9,8966,2564,114,76,1.1,0.8,2207,1516,1604,459,16.1,4.4,504,258,46.8,20.2,17200,1095,66481.8,5569,5745394.266,10662.793
58,NSAN01,Atlanta Regional Commission,Yes,4699,NSA,2020,NSA N01,3407,366,16,29,0.5,0.8,166,174,4.9,5.1,122,86,3.6,2.5,186,152,5.5,4.4,115,69,3.4,2,370,165,10.9,4.7,517,190,15.2,5.3,714,345,21,9.9,390,119,11.4,3.3,812,183,23.8,4.7,491,248,14.4,7.1,485,179,14.2,5,1620,411,47.5,10.9,117607,9324,555842313,111087641,163146,27506,172534,14725,83582,26164,72488,60967,74010,11969,3210,378,94.2,4.6,165480,29083,291,79,8.5,2.1,19898,2484,316,124,9.3,3.5,20480,5107,90,74,2.6,2.2,1656,4615,41,34,1.2,1,0,0,114,82,3.3,2.4,0,21,0.1,4.9,6028,555,96040.9,20109.9,3049287.813,8107.776539
59,NSAN02,Atlanta Regional Commission,Yes,4700,NSA,2020,NSA N02,4571,408,140,86,3.1,1.9,61,53,1.3,1.1,230,216,5,4.7,195,174,4.3,3.8,126,79,2.7,1.7,461,193,10.1,4.1,491,163,10.7,3.4,1199,268,26.2,5.4,508,164,11.1,3.4,1160,203,25.4,3.8,627,295,13.7,6.3,586,208,12.8,4.4,2198,354,48.1,6.4,122019,5315,755450561,83034875,165256,10601,,,67500,5527,19238,,67030,6418,4172,335,91.3,11,173265,13682,428,246,9.4,5.3,15006,11591,320,129,7,2.8,39585,28199,132,210,2.9,4.6,8946,4121,62,60,1.4,1.3,0,0,205,218,4.5,4.8,29,46,5.4,8.3,7909,709,96741.6,6031.2,3641529.844,9014.899985
60,NSAN03,Atlanta Regional Commission,Yes,4701,NSA,2020,NSA N03,2382,213,47,49,2,2.1,28,41,1.2,1.7,90,64,3.8,2.7,51,47,2.1,2,98,65,4.1,2.7,345,148,14.5,6.1,263,103,11.1,4.2,260,91,10.9,3.7,270,75,11.3,3,930,167,39.1,6.1,215,102,9,4.2,443,162,18.6,6.6,793,157,33.3,5.9,151686,18871,459211871,69936693,192812,23778,,,172167,56491,,,179829,47622,2123,203,89.1,3.1,191789,26192,435,145,18.3,5.9,24759,10965,371,106,15.6,4.2,50736,12463,8,19,0.3,0.8,0,0,18,30,0.8,1.2,2052,4338,9,20,0.4,0.9,7,20,1.3,3.8,5237,525,87915.8,9817.9,4407288.543,10095.31444
61,NSAN04,Atlanta Regional Commission,Yes,4702,NSA,2020,NSA N04,1194,174,12,15,1,1.2,7,13,0.6,1.1,31,36,2.6,3,13,26,1.1,2.2,42,45,3.5,3.7,91,51,7.6,4.1,150,107,12.6,8.8,170,73,14.3,5.7,239,66,20.1,4.7,438,152,36.7,11.5,63,48,5.3,4,133,68,11.1,5.5,560,145,46.9,10,166827,14320,273873020,80038450,229377,58070,193023,10506,170833,26059,88095,27256,143056,41886,1037,173,86.9,7.1,236741,64975,285,131,23.8,10.4,26761,7730,226,90,19,7,55901,21476,11,21,0.9,1.8,0,0,38,41,3.1,3.4,3276,3212,8,13,0.6,1.1,0,12,0,2.5,3456,581,82472.9,19486.2,1868436.527,7312.858941
62,NSAO01,Atlanta Regional Commission,Yes,4703,NSA,2020,NSA O01,2047,403,75,60,3.7,2.9,83,68,4.1,3.2,120,88,5.8,4.1,102,156,5,7.6,84,50,4.1,2.3,155,86,7.6,3.9,306,235,15,11.1,335,114,16.4,4.5,207,83,10.1,3.5,580,325,28.3,14.9,379,201,18.5,9.1,239,99,11.7,4.3,849,274,41.5,10.6,112137,11015,305554622,101093807,149291,39719,140699,17226,63442,21209,116736,9727,80894,20873,1650,403,80.6,11.7,163473,44374,434,102,21.2,2.8,19970,2939,331,99,16.2,3.7,41978,14449,63,48,3.1,2.3,9127,3419,24,34,1.2,1.7,202,837,281,182,13.7,8.5,128,164,22.4,27.6,4774,777,64065.3,17304.8,5695371.727,15497.79434
63,NSAO02,Atlanta Regional Commission,Yes,4704,NSA,2020,NSA O02,3093,326,309,201,10,6.4,72,74,2.3,2.4,101,96,3.3,3.1,123,75,4,2.4,174,101,5.6,3.2,257,126,8.3,4,369,137,11.9,4.2,498,136,16.1,4.1,392,145,12.7,4.5,799,205,25.8,6,605,246,19.6,7.7,430,161,13.9,5,1259,242,40.7,6.5,113622,10577,457841878,69976308,148023,16385,145358,17628,83800,21835,133407,,86439,21010,2719,331,87.9,5.4,154749,17668,474,150,15.3,4.6,20658,586,334,120,10.8,3.7,28122,4381,109,83,3.5,2.7,3323,2171,23,31,0.8,1,4235,4885,412,223,13.3,7.1,25,48,3.1,5.8,7485,769,64434.5,7068.6,5524699.594,14253.31502
64,NSAO03,Atlanta Regional Commission,Yes,4705,NSA,2020,NSA O03,2509,267,292,110,11.6,4.2,58,44,2.3,1.7,223,156,8.9,6.1,107,81,4.2,3.2,160,71,6.4,2.7,351,135,14,5.2,239,96,9.5,3.7,334,119,13.3,4.5,270,104,10.8,4,476,185,19,7.1,679,212,27.1,7.9,511,152,20.4,5.7,843,185,33.6,6.4,81705,10724,291150335,60371132,116061,20662,119740,19187,8094,4807,112500,,8117,4842,2046,244,81.6,4.4,130782,24507,397,158,15.8,6.1,17203,2748,266,106,10.6,4.1,22875,11717,137,74,5.5,2.9,5230,3216,95,70,3.8,2.8,2950,2222,353,127,14.1,4.8,138,92,28.1,16.9,5205,636,56962.7,9445.8,3448974.063,11155.24139
65,NSAP01,Atlanta Regional Commission,Yes,4706,NSA,2020,NSA P01,2082,313,57,63,2.8,3,186,168,8.9,7.9,211,264,10.1,12.6,96,117,4.6,5.6,214,195,10.3,9.2,488,290,23.4,13.5,143,132,6.9,6.2,406,189,19.5,8.6,93,103,4.4,4.9,188,171,9,8.1,550,340,26.4,15.8,702,349,33.7,16,642,252,30.8,11.2,59802,4804,174741998,46025810,83914,18153,96235,14744,52319,7995,77061,34367,53289,7048,1399,335,67.2,12.5,91677,19956,707,315,33.9,14.3,18433,1942,877,350,42.1,15.6,29420,11622,133,130,6.4,6.2,7914,6101,34,101,1.6,4.9,1340,5316,288,188,13.8,8.8,131,111,27,20.9,5167,908,34805.9,6540.8,11058559.43,18526.78127
66,NSAP02,Atlanta Regional Commission,Yes,4707,NSA,2020,NSA P02,1614,208,4,9,0.3,0.6,258,226,16,13.8,25,41,1.6,2.5,67,106,4.2,6.5,144,130,8.9,8,262,211,16.3,12.9,284,224,17.6,13.7,294,206,18.2,12.6,87,109,5.4,6.7,188,159,11.6,9.7,355,253,22,15.4,407,248,25.2,15,665,323,41.2,19.3,78993,8003,146993641,28547492,91055,13218,75201,10260,41506,2555,87500,5254,44872,6182,1420,272,88,12.4,96466,8560,158,78,9.8,4.7,14491,3120,241,207,14.9,12.7,21033,25138,116,134,7.2,8.2,15340,5886,5,17,0.3,1,0,0,550,323,34.1,19.5,252,196,47,30.3,3691,615,41398.6,4123.1,4315839.984,10898.10446
67,NSAP03,Atlanta Regional Commission,Yes,4708,NSA,2020,NSA P03,765,117,79,81,10.4,10.4,33,41,4.3,5.3,69,67,9.1,8.7,80,85,10.5,11,104,77,13.6,9.9,111,81,14.5,10.4,122,86,15.9,10.9,94,67,12.3,8.5,53,35,7,4.4,20,33,2.6,4.3,261,141,34.2,17.7,214,112,28,14.1,269,114,35.2,13.9,57444,12329,51725275,10001462,67645,7991,65205,10295,41398,14180,67500,6765,43008,21953,602,134,78.7,12.8,67434,8205,221,76,28.9,9,18243,5029,185,71,24.3,8.6,28855,9520,14,17,1.8,2.2,7570,3780,5,10,0.6,1.3,0,0,127,91,16.6,11.6,62,76,30.6,33.3,1762,409,30799.8,9409.5,3633706.215,11336.40804
68,NSAP04,Atlanta Regional Commission,Yes,4709,NSA,2020,NSA P04,1373,266,120,106,8.7,7.5,68,92,5,6.6,71,67,5.2,4.8,154,114,11.2,8,223,247,16.3,17.7,288,157,20.9,10.7,232,152,16.9,10.6,117,75,8.5,5.2,56,39,4.1,2.8,44,48,3.2,3.4,413,193,30.1,12.8,511,293,37.2,20.1,405,174,29.5,11.3,54288,7745,89324883,17039319,65058,17682,63188,8808,29920,9599,78958,11532,36727,7316,1111,284,80.9,13.5,64746,22194,301,107,21.9,6.5,20314,4312,276,106,20.1,6.7,30749,10699,35,51,2.5,3.7,2458,616,4,12,0.3,0.9,0,0,335,249,24.4,17.5,130,75,37.9,12.3,2975,533,31050.4,2137,5664198.621,13397.71389
69,NSAP05,Atlanta Regional Commission,Yes,4710,NSA,2020,NSA P05,1301,301,67,85,5.2,6.4,96,149,7.4,11.3,26,36,2,2.7,123,102,9.5,7.6,188,264,14.4,20.1,390,186,30,12.5,191,154,14.6,11.3,113,84,8.7,6.1,55,69,4.2,5.2,51,53,3.9,3.9,313,203,24.1,14.6,578,323,44.4,22.6,359,188,27.6,13,57500,3902,90635020,19655306,69692,22098,67762,11480,27504,5304,80898,16719,31357,5488,1094,316,84.1,14.5,64991,25303,275,110,21.1,6.9,22491,2144,297,120,22.9,7.6,31181,10610,59,66,4.5,5,7286,8412,45,117,3.5,8.9,1369,4685,361,291,27.8,21.5,110,44,35.8,22.5,3068,524,30991.8,4187.3,7599816.941,16599.38798
70,NSAP06,Atlanta Regional Commission,Yes,4711,NSA,2020,NSA P06,1231,212,141,147,11.5,11.8,49,88,3.9,7.2,10,26,0.8,2.1,301,174,24.5,13.5,153,123,12.5,9.8,162,128,13.1,10.1,242,222,19.6,17.7,151,109,12.3,8.6,15,32,1.2,2.6,7,34,0.6,2.7,501,246,40.7,18.7,315,177,25.6,13.7,408,249,33.1,19.4,39501,10995,72419245,19480812,58828,12163,39634,13407,36595,1060,87500,,36661,1070,761,298,61.8,21.7,52433,7986,679,162,55.1,9.1,16983,8006,379,223,30.8,17.3,34139,27811,169,166,13.8,13.3,8857,5149,58,104,4.7,8.4,0,0,575,283,46.7,21.5,249,234,58.3,39.9,3174,1058,25055.1,10729.2,3629941.641,9686.104754
71,NSAQ01,Atlanta Regional Commission,Yes,4712,NSA,2020,NSA Q01,593,135,19,56,3.1,9.4,46,111,7.8,18.6,16,28,2.7,4.6,15,41,2.5,6.9,27,44,4.5,7.4,198,124,33.4,19.5,45,67,7.5,11.2,101,90,17.1,14.6,54,69,9,11.5,74,86,12.5,14.2,95,134,16,22.2,224,132,37.8,20.5,200,132,33.7,20.9,71783,12073,65991793,28562190,111239,40981,117148,19120,100922,49845,51571,,52295,44886,487,156,82.1,18.5,96728,46580,243,92,41,12.4,24196,7206,254,97,42.8,13.2,37815,16938,29,37,4.8,6.2,13562,14556,40,110,6.8,18.4,1364,4945,74,129,12.5,21.5,13,34,10,26,1690,434,42588.3,14685.8,3867073.363,16891.2749
72,NSAR01,Atlanta Regional Commission,Yes,4713,NSA,2020,NSA R01,3183,376,457,165,14.3,4.9,728,220,22.9,6.4,434,178,13.6,5.4,567,319,17.8,9.8,288,171,9,5.3,380,216,12,6.6,107,73,3.3,2.3,204,212,6.4,6.6,9,29,0.3,0.9,9,67,0.3,2.1,2186,458,68.7,11.9,668,275,21,8.3,320,227,10.1,7,24359,2124,109984702,32300331,34557,9292,27504,1033,23009,9840,35625,16456,23204,10740,1893,406,59.5,10.6,43573,13831,923,202,29,5.3,13482,2244,378,184,11.9,5.6,20429,10015,586,223,18.4,6.7,7900,2270,170,128,5.4,4,2375,2907,1448,293,45.5,7.5,590,255,83.2,18,6681,1397,17452.7,2660.9,3458015.875,11215.18899
73,NSAR02,Atlanta Regional Commission,Yes,4714,NSA,2020,NSA R02,3168,475,317,230,10,7.1,85,53,2.7,1.6,193,96,6.1,2.9,205,144,6.5,4.4,555,202,17.5,5.8,559,225,17.6,6.6,413,219,13,6.6,284,137,9,4.1,161,78,5.1,2.3,396,363,12.5,11.3,800,292,25.2,8.4,1114,303,35.2,8,859,270,27.1,7.5,59733,4950,290812400,102686048,91785,29348,66454,6459,36738,8277,52497,26465,36999,7639,2524,463,79.7,8.4,94893,35331,856,174,27,3.7,15443,395,897,375,28.3,11.1,23434,11864,268,232,8.4,7.2,8699,3157,121,204,3.8,6.4,435,83,676,305,21.3,9.1,301,167,39.9,18.8,7115,1183,37238.1,5283.5,11834606.55,21118.28114
74,NSAR03,Atlanta Regional Commission,Yes,4715,NSA,2020,NSA R03,2221,330,131,69,5.9,3,114,63,5.1,2.7,332,137,14.9,5.8,527,266,23.7,11.5,506,264,22.8,11.4,146,107,6.6,4.7,173,78,7.8,3.3,276,244,12.4,10.8,6,9,0.3,0.4,10,10,0.5,0.4,1104,314,49.7,12,652,285,29.4,12.1,455,256,20.5,11.1,35196,3449,113581700,35189608,51140,13903,36661,2035,38226,1342,,,38226,1342,1391,339,62.6,12.1,55663,20293,863,260,38.9,10.2,15578,6375,560,240,25.2,10.1,28022,15235,99,53,4.5,2.3,9177,6824,23,26,1,1.2,0,0,674,286,30.3,12.1,289,189,56.2,29,4250,851,26980.2,6297,4944702.078,13192.74372
75,NSAS01,Atlanta Regional Commission,Yes,4716,NSA,2020,NSA S01,1503,216,245,136,16.3,8.8,71,60,4.7,4,207,90,13.8,5.6,129,72,8.6,4.6,180,85,12,5.4,240,147,16,9.5,113,90,7.5,5.9,180,140,12,9.2,56,41,3.7,2.7,83,65,5.5,4.3,652,188,43.3,10.9,420,170,27.9,10.6,349,171,23.2,10.9,45455,6285,105773825,29186702,70356,16562,38579,7618,25547,8589,9387,11559,25158,8477,1011,218,67.3,10.8,91232,20129,422,142,28.1,8.5,14816,6730,164,59,10.9,3.6,20414,8567,199,89,13.3,5.6,8515,2404,22,29,1.5,1.9,131,1216,345,95,23,5.4,173,84,47,16.1,3559,605,33821.9,8145.8,4027650.344,11412.19007
76,NSAS02,Atlanta Regional Commission,Yes,4717,NSA,2020,NSA S02,1945,393,285,340,14.7,17.2,78,62,4,3.1,217,114,11.2,5.4,273,209,14,10.4,301,152,15.5,7.2,240,156,12.3,7.6,200,111,10.3,5.3,191,115,9.8,5.5,71,56,3.6,2.8,89,72,4.6,3.6,853,419,43.9,19.7,541,218,27.8,9.7,462,169,23.8,7.3,42774,4934,124973818,27480692,64258,5582,52295,4926,31182,9897,78865,33391,32612,9979,1387,260,71.3,19.7,70188,14045,654,201,33.6,7.8,14495,5880,498,211,25.6,9.6,17750,10282,337,351,17.3,17.7,10319,14901,205,340,10.5,17.4,314,690,680,384,35,18.4,271,186,59.7,31.5,4471,928,29053.4,1239,6803256.523,12949.51856
77,NSAS03,Atlanta Regional Commission,Yes,4718,NSA,2020,NSA S03,987,224,216,187,21.9,18.3,41,46,4.1,4.5,88,72,8.9,7,59,82,6,8.2,117,89,11.8,8.6,182,143,18.5,13.9,115,95,11.7,9.3,88,72,9,7,35,40,3.5,4,45,58,4.6,5.8,404,221,41,20.4,299,169,30.3,15.7,239,126,24.2,11.6,47415,8339,61357581,21305759,62157,16313,47872,12181,32406,15183,5309,3902,25983,14153,606,184,61.4,12.4,82711,21321,341,151,34.5,13.1,13920,3435,176,101,17.8,9.4,21566,17993,134,146,13.6,14.5,7992,5748,24,128,2.4,12.9,0,0,219,162,22.1,15.6,97,103,43.5,37.5,2245,594,28810.5,6258.8,4024335.969,8732.084213
78,NSAT01,Atlanta Regional Commission,Yes,4719,NSA,2020,NSA T01,1139,152,143,100,12.6,8.6,142,71,12.5,6,201,124,17.7,10.6,194,137,17,11.8,115,74,10.1,6.3,123,77,10.8,6.6,39,33,3.4,2.9,144,99,12.7,8.5,13,18,1.2,1.5,24,32,2.1,2.8,681,221,59.8,17.7,238,107,20.9,8.9,197,105,17.3,9,28759,3325,52592493,14585758,46163,11229,37500,11574,22995,3955,37500,,24444,4591,726,163,63.7,11.5,57753,15555,392,155,34.4,12.8,13056,3125,193,128,16.9,11,14083,9124,80,52,7.1,4.5,9399,8642,55,91,4.8,7.9,0,0,362,147,31.8,12.2,126,102,79.5,35.6,2292,597,23424.7,1720.5,1654368.27,6457.431196
79,NSAT02,Atlanta Regional Commission,Yes,4720,NSA,2020,NSA T02,1051,235,103,66,9.8,5.9,74,70,7.1,6.5,149,109,14.1,9.9,102,101,9.7,9.3,125,73,11.9,6.4,174,125,16.6,11.3,123,98,11.7,8.9,99,110,9.4,10.3,31,46,3,4.3,71,48,6.8,4.3,428,177,40.7,14.1,299,145,28.5,12.3,253,154,24.1,13.6,46617,6425,71501460,22542738,68016,15091,48934,10252,42670,2284,24250,,42526,2442,748,209,71.1,12,80008,18378,272,119,25.9,9.7,11814,3392,171,110,16.3,9.8,27510,12956,157,105,15,9.5,411,1076,0,24,0,2.3,,,215,104,20.4,8.8,55,30,29.5,24.6,6292,421,14600.3,3657.2,2276469.34,6501.997588
80,NSAT03,Atlanta Regional Commission,Yes,4721,NSA,2020,NSA T03,1309,184,72,63,5.5,4.8,60,48,4.6,3.6,138,145,10.5,11,122,75,9.3,5.6,142,94,10.8,7,239,104,18.2,7.5,176,103,13.5,7.7,208,101,15.9,7.4,51,35,3.9,2.6,101,65,7.7,4.8,391,182,29.9,13.2,381,140,29.1,9.9,436,149,33.3,10.4,60678,7573,105104350,21867659,80264,12327,64421,8730,32923,9494,23142,,32237,9337,1064,185,81.3,8.3,83819,12216,306,112,23.4,7.9,16385,1399,302,111,23,7.8,24050,5810,92,56,7,4.2,11867,5139,41,58,3.1,4.4,1090,1786,274,162,20.9,12,139,147,34.5,33.7,3122,648,34804.6,10088,2341205.633,6942.211325
81,NSAT04,Atlanta Regional Commission,Yes,4722,NSA,2020,NSA T04,2317,245,173,100,7.5,4.2,255,97,11,4,313,154,13.5,6.5,293,192,12.7,8.2,206,96,8.9,4,356,138,15.4,5.8,213,102,9.2,4.3,268,115,11.6,4.8,86,58,3.7,2.5,154,110,6.6,4.7,1034,283,44.6,11.3,563,168,24.3,6.8,567,164,24.5,6.6,45212,7139,159944738,30378158,69037,10899,62920,9640,26843,7861,38308,29446,35040,6675,1607,251,69.4,8,79694,12872,825,232,35.6,9.3,14963,1318,573,206,24.7,8.5,19519,3369,158,76,6.8,3.2,8671,2067,191,166,8.2,7.1,1240,1129,652,207,28.1,8.4,145,127,31.2,25.3,4910,693,33763.1,3945.9,4057879.004,9573.028275
82,NSAV01,Atlanta Regional Commission,Yes,4723,NSA,2020,NSA V01,1874,395,254,230,13.5,11.9,132,75,7,3.7,430,267,22.9,13.4,100,73,5.4,3.7,106,137,5.7,7.2,229,120,12.2,5.9,214,162,11.4,8.3,90,54,4.8,2.7,150,90,8,4.5,169,90,9,4.4,916,368,48.9,16.7,335,182,17.9,9,455,193,24.3,8.9,36520,11245,141128253,34646709,75300,9451,56864,9651,20705,4784,57277,58668,22364,4167,1366,320,72.9,7.4,92968,12434,454,271,24.2,13.5,12992,5474,89,52,4.7,2.6,25358,25269,118,81,6.3,4.1,12296,1686,117,141,6.3,7.4,0,0,488,209,26,9.7,215,164,47.6,30.4,3853,890,37406.1,3076.5,2520052.684,6916.128202
83,NSAV02,Atlanta Regional Commission,Yes,4724,NSA,2020,NSA V02,1982,187,196,101,9.9,5,192,67,9.7,3.3,356,124,18,6,96,67,4.8,3.4,287,123,14.5,6.1,265,103,13.4,5.1,206,86,10.4,4.2,227,90,11.5,4.4,138,67,7,3.3,19,24,1,1.2,840,186,42.4,8.5,552,161,27.9,7.7,571,141,28.8,6.6,41831,2920,115496200,16246329,58273,6072,56049,8443,52600,24468,17717,2157,31250,18912,1578,184,79.6,5.4,62289,6471,432,129,21.8,6.2,13406,302,206,77,10.4,3.8,20210,6929,213,94,10.7,4.6,8383,2684,106,66,5.3,3.3,1194,1159,538,140,27.1,6.6,162,82,50.9,19.8,4206,536,28819.8,1830.7,4575042.215,10063.38453
84,NSAV03,Atlanta Regional Commission,Yes,4725,NSA,2020,NSA V03,1243,421,242,355,19.5,27.8,105,69,8.5,4.7,147,91,11.8,6.1,84,70,6.8,5.1,181,206,14.6,15.8,88,73,7.1,5.3,80,59,6.4,4.2,110,54,8.9,3.2,85,58,6.8,4,120,61,9.7,3.7,579,379,46.6,26.1,269,218,21.7,16,274,99,22.1,2.7,36603,3958,92860385,24773470,74728,32218,26951,10383,9784,4145,174912,,9984,4257,1034,426,83.2,19.5,81875,40134,166,107,13.4,7.4,15975,16835,46,50,3.7,3.8,48046,75041,115,108,9.3,8.1,10267,12859,10,19,0.8,1.5,76,728,423,231,34.1,14.6,284,217,73.5,37.6,3246,1162,29887.3,13480.7,1993726.133,5984.271571
85,NSAV04,Atlanta Regional Commission,Yes,4726,NSA,2020,NSA V04,2370,588,613,506,25.9,20.4,222,117,9.4,4.4,244,228,10.3,9.3,594,267,25,9.4,239,177,10.1,7,137,80,5.8,3,190,182,8,7.4,80,69,3.4,2.8,35,43,1.5,1.8,15,27,0.6,1.1,1673,627,70.6,19.8,376,194,15.9,7.2,306,199,12.9,7.8,26590,1457,87758806,25204692,37028,5349,29173,1443,25559,4863,32865,887,30965,2265,1755,597,74,17.2,40713,18259,515,190,21.7,6,10587,8153,144,96,6.1,3.8,38757,30731,222,159,9.4,6.3,6689,1958,0,17,0,0.7,,,1042,321,44,8,528,215,75.7,12.2,5549,1053,17132.7,4013.8,2840573.883,7743.681875
86,NSAW01,Atlanta Regional Commission,Yes,4727,NSA,2020,NSA W01,4259,339,112,98,2.6,2.3,81,83,1.9,2,178,100,4.2,2.3,255,140,6,3.3,366,183,8.6,4.2,543,197,12.7,4.5,668,213,15.7,4.9,539,161,12.7,3.6,562,147,13.2,3.3,955,241,22.4,5.4,626,215,14.7,4.9,909,269,21.3,6.1,1769,305,41.5,6.4,97251,7096,595587080,94865784,139838,19286,157840,11932,54351,29281,57117,50938,56662,16831,3855,343,90.5,3.6,141429,20750,386,159,9.1,3.7,20296,11089,372,167,8.7,3.9,49568,33091,137,92,3.2,2.2,8425,5667,28,28,0.7,0.7,2693,3796,221,117,5.2,2.7,102,86,9.3,7.7,9224,834,68356.7,12301.8,6641017.242,12144.97227
87,NSAW02,Atlanta Regional Commission,Yes,4728,NSA,2020,NSA W02,1689,189,134,85,7.9,5,75,84,4.4,5,228,173,13.5,10.1,149,108,8.8,6.3,49,46,2.9,2.7,227,128,13.4,7.4,226,104,13.4,5.9,150,75,8.9,4.3,219,111,13,6.4,231,107,13.7,6.2,586,236,34.7,13.4,276,136,16.4,7.8,595,169,35.3,9.2,72420,10665,183664336,42900062,108754,22286,97615,23671,27065,1850,,,29329,10033,1435,187,85,5.6,118232,25325,232,83,13.7,4.7,13223,3068,200,79,11.9,4.5,21165,8228,114,99,6.8,5.8,7213,3130,59,59,3.5,3.5,2567,1790,334,128,19.8,7.3,155,80,33,12.8,3734,435,49860,10099.2,5182003.031,11026.19654
88,NSAW03,Atlanta Regional Commission,Yes,4729,NSA,2020,NSA W03,2162,243,167,128,7.7,5.9,45,64,2.1,2.9,0,20,0,0.9,30,56,1.4,2.6,176,115,8.2,5.3,105,76,4.9,3.5,176,102,8.2,4.6,357,157,16.5,7,247,189,11.4,8.7,859,183,39.7,7.2,242,155,11.2,7.1,281,138,13,6.2,780,266,36.1,11.6,154920,16985,416236161,77607427,192549,28655,,,,,55000,4985,,,1934,260,89.5,6.6,201271,27580,211,151,9.8,6.9,11088,8210,180,94,8.3,4.2,41607,35023,8,15,0.4,0.7,0,0,0,14,0,0.6,,,107,102,4.9,4.7,34,49,6.4,9.2,4825,561,87329.7,13202.7,2975697.43,7889.720531
89,NSAW04,Atlanta Regional Commission,Yes,4730,NSA,2020,NSA W04,2666,299,177,135,6.6,5,167,106,6.3,3.9,140,103,5.2,3.8,137,137,5.1,5.1,374,233,14,8.6,238,103,8.9,3.7,142,78,5.3,2.8,408,162,15.3,5.8,339,121,12.7,4.3,545,154,20.4,5.3,621,243,23.3,8.7,612,255,23,9.2,889,217,33.3,7.2,92603,15515,327611890,44764048,122867,9562,160629,15434,100460,34370,113990,,102206,29690,2160,303,81,6.8,138542,3563,514,137,19.3,4.7,13987,3841,430,126,16.1,4.4,19158,7374,357,227,13.4,8.4,10682,966,229,209,8.6,7.8,0,0,240,176,9,6.5,55,115,9.8,20.3,5783,789,57553.9,10540.2,5770082.313,18103.28976
90,NSAX01,Atlanta Regional Commission,Yes,4731,NSA,2020,NSA X01,1201,237,51,43,4.2,3.5,41,35,3.4,2.9,159,175,13.2,14.3,92,57,7.7,4.5,97,67,8.1,5.4,183,103,15.2,8,164,109,13.7,8.7,221,97,18.4,7.2,45,45,3.7,3.6,149,180,12.4,14.7,342,192,28.5,15,280,123,23.3,9.1,430,153,35.8,10.6,72534,8788,107131602,40975837,89203,29230,69407,9369,43873,13021,31316,,43186,12338,942,218,78.4,9.5,93773,38739,405,203,33.7,15.5,16802,1188,255,103,21.3,7.5,30453,14775,108,70,9,5.6,9068,3001,75,63,6.2,5.1,3527,1841,307,119,25.6,8.5,134,88,63.1,28.2,2596,559,41636.3,12836.7,2728206.063,9019.642759
91,NSAX02,Atlanta Regional Commission,Yes,4732,NSA,2020,NSA X02,916,140,113,81,12.4,8.7,155,91,16.9,9.6,215,107,23.5,11.1,62,74,6.8,8,79,62,8.7,6.7,85,72,9.2,7.8,68,73,7.5,7.9,87,67,9.5,7.2,33,34,3.6,3.7,19,31,2,3.4,545,179,59.6,17.3,164,96,17.9,10.1,188,105,20.5,11,23686,4391,44024558,13230535,48067,12445,42928,18456,22984,14835,,,22984,14835,560,126,61.1,10.2,62149,18868,335,118,36.5,11.6,13046,3621,166,83,18.1,8.6,11159,4567,139,79,15.2,8.4,9937,3313,41,60,4.5,6.5,1072,2370,362,130,39.5,12.8,80,72,47.1,39.1,2137,408,22383.1,4675.9,3563051.465,7914.889397
92,NSAX03,Atlanta Regional Commission,Yes,4733,NSA,2020,NSA X03,860,156,128,105,14.9,11.9,125,89,14.5,10,100,62,11.7,6.8,161,125,18.8,14.2,44,44,5.2,5,138,110,16.1,12.5,86,82,10,9.3,44,53,5.2,6.1,0,13,0,1.5,31,39,3.6,4.5,515,196,59.9,20.1,183,118,21.2,13.2,131,98,15.2,11.1,28822,3457,38798007,12584211,45130,12133,55050,5078,80271,8174,,,80271,8174,522,141,60.7,12.2,55286,17275,443,155,51.5,15.4,10665,3229,169,114,19.7,12.8,11881,4026,160,91,18.7,10,7924,2629,126,119,14.6,13.6,1639,1289,448,163,52.2,16.5,95,79,54.8,33,2610,600,17290,3504.6,2291192.25,6614.368531
93,NSAX04,Atlanta Regional Commission,Yes,4734,NSA,2020,NSA X04,1790,230,136,74,7.6,4,172,86,9.6,4.6,332,166,18.5,9,104,66,5.8,3.6,151,91,8.5,4.9,201,94,11.2,5,238,136,13.3,7.4,296,113,16.5,5.9,76,51,4.2,2.8,83,125,4.7,6.9,744,212,41.6,10.6,352,130,19.7,6.8,610,184,34.1,9.3,49969,8713,123522140,31897546,69024,15471,69735,14367,24334,10791,31316,11534,24759,9654,1330,215,74.3,7.3,76658,20673,541,171,30.2,8.7,14329,2926,376,105,21,5.2,20561,8241,168,83,9.4,4.5,9913,2884,48,50,2.7,2.8,2529,2565,469,138,26.2,6.9,145,93,47.1,25.6,3784,550,33442.2,6811.7,6452552.715,12760.95788
94,NSAX05,Atlanta Regional Commission,Yes,4735,NSA,2020,NSA X05,0,0,0,0,,,0,0,,,0,0,,,0,0,,,0,0,,,0,0,,,0,0,,,0,0,,,0,0,,,0,0,,,0,0,,,0,0,,,0,0,,,,,0,0,,,,,,,,,,,0,0,,,,,0,0,,,,,0,0,,,,,0,0,,,,,0,0,,,,,0,0,,,0,0,,,0,0,,,1316277.195,4795.295247
95,NSAY01,Atlanta Regional Commission,Yes,4736,NSA,2020,NSA Y01,508,91,65,47,12.8,9,38,51,7.5,9.8,86,55,16.9,10.4,27,37,5.3,7.3,65,58,12.7,11.2,49,45,9.7,8.7,35,42,6.8,8.3,53,51,10.5,9.9,45,36,8.9,6.8,45,35,8.8,6.6,216,96,42.6,17.3,114,73,22.4,13.9,133,75,26.2,14.1,46396,10724,39295950,11358550,77315,17572,56012,23292,24216,15373,,,28361,18780,416,97,81.9,12.1,89956,17746,63,55,12.4,10.5,13526,16365,34,40,6.7,7.8,8854,14654,16,33,3.1,6.4,15357,38480,22,36,4.3,7.1,0,0,52,52,10.2,10,3,21,4.2,26.4,2829,372,37614.3,30358,3279252.16,9470.073283
96,NSAY02,Atlanta Regional Commission,Yes,4737,NSA,2020,NSA Y02,1114,241,75,44,6.7,3.7,231,102,20.8,8,150,101,13.5,8.6,111,77,10,6.5,88,69,7.9,5.9,279,242,25,21,69,44,6.2,3.8,35,45,3.1,4,67,69,6.1,6,9,22,0.8,2,568,169,50.9,10.3,367,252,32.9,21.4,171,94,15.4,7.7,32560,8162,55380751,19017741,49697,13238,61993,5892,26333,16283,104718,,28776,16004,706,251,63.4,17.8,65890,14005,355,96,31.9,5.2,13396,1843,113,66,10.1,5.5,18838,10718,141,97,12.7,8.3,7618,2606,8,11,0.7,1,0,0,495,254,44.4,20.6,255,232,64.6,45,3270,1823,18425.9,12688.4,1488582.551,5455.160323
97,NSAY03,Atlanta Regional Commission,Yes,4738,NSA,2020,NSA Y03,1301,121,220,117,16.9,8.9,126,85,9.7,6.5,258,135,19.9,10.2,147,97,11.3,7.4,74,59,5.7,4.5,208,94,16,7.1,78,71,6,5.5,129,88,9.9,6.7,31,61,2.4,4.7,29,36,2.2,2.7,752,220,57.8,16.1,282,111,21.7,8.3,239,128,18.4,9.7,27457,4159,63452359,15651500,48768,11147,34504,12335,23428,6166,112500,,24492,6290,1021,134,78.5,7.3,52600,13402,258,110,19.9,8.2,11755,3957,114,73,8.7,5.5,12625,8169,90,64,6.9,4.9,11041,10932,11,20,0.8,1.5,0,0,443,143,34.1,10.5,230,127,42.8,21.5,3010,462,22251.4,4318.2,2405471.824,8450.428359
98,NSAY04,Atlanta Regional Commission,Yes,4739,NSA,2020,NSA Y04,714,137,44,43,6.2,6,74,81,10.3,11.2,94,83,13.2,11.4,31,53,4.3,7.4,82,71,11.4,9.7,137,95,19.2,12.8,55,54,7.8,7.4,105,78,14.7,10.6,59,76,8.3,10.6,33,32,4.6,4.5,243,135,34.1,17.8,218,119,30.6,15.5,219,122,30.7,16,53973,7534,53053539,17824234,74323,20519,59758,25131,30530,10896,104316,25480,42957,38324,583,123,81.7,7.2,81248,23948,145,66,20.3,8.5,13481,3562,72,55,10.1,7.5,28239,43130,63,85,8.8,11.7,5914,7299,11,18,1.5,2.5,0,0,187,117,26.2,15.5,88,72,34,24.1,1687,438,33178.3,6406.6,4522024.488,14214.6088
99,NSAZ01,Atlanta Regional Commission,Yes,4740,NSA,2020,NSA Z01,1416,204,91,64,6.4,4.4,157,124,11.1,8.6,210,106,14.8,7.2,125,110,8.8,7.7,138,85,9.7,5.8,319,138,22.5,9.2,165,105,11.7,7.2,139,96,9.8,6.6,28,29,2,2.1,45,38,3.2,2.7,582,207,41.1,13.4,457,162,32.3,10.4,333,145,23.5,9.7,48405,5898,83284247,18991064,58809,10396,44636,7002,24048,6449,70765,21447,31906,9068,1119,181,79,5.8,59693,11171,375,109,26.5,6.7,15136,3770,269,112,19,7.4,26256,22873,162,134,11.4,9.3,5382,5299,24,29,1.7,2,0,0,534,192,37.7,12.4,285,131,57,17.8,3689,716,24322.8,2815.2,6776177.66,15872.93073
100,NSAZ02,Atlanta Regional Commission,Yes,4741,NSA,2020,NSA Z02,800,210,229,193,28.7,22.9,43,37,5.4,4.4,181,87,22.6,9,95,83,11.9,10,49,42,6.1,4.9,54,50,6.7,5.9,57,59,7.1,7.1,39,43,4.9,5.2,45,27,5.7,3,8,15,1,1.8,549,230,68.6,22.4,102,65,12.8,7.4,141,78,17.6,8.5,22198,2992,42085132,17802418,52583,17432,19445,3435,12671,4966,,,12671,4966,585,212,73.1,18.2,58896,19556,274,202,34.2,23.6,8269,7938,120,68,15,7.5,20205,14942,106,63,13.2,7.1,8509,6955,24,24,3,2.9,0,0,486,214,60.7,21.4,391,204,83.3,22.7,2405,570,18742.7,6411.5,2403400.617,6942.534255
101,NSAZ03,Atlanta Regional Commission,Yes,4742,NSA,2020,NSA Z03,2511,366,170,111,6.8,4.3,193,146,7.7,5.7,459,288,18.3,11.1,160,107,6.4,4.2,539,313,21.5,12.1,411,226,16.4,8.7,231,134,9.2,5.2,319,208,12.7,8.1,3,19,0.1,0.8,25,40,1,1.6,982,358,39.1,13.1,950,386,37.9,14.4,553,248,22,9.3,42013,2477,164041608,69358185,65338,25928,44915,4734,40576,1443,,,40576,1443,1913,283,76.2,1.8,49284,5567,865,303,34.5,11,14111,2467,471,236,18.8,9,41932,44773,85,94,3.4,3.7,1672,1695,9,26,0.4,1,5195,20328,531,256,21.2,9.7,258,205,35.7,26.3,5789,770,30867.4,11401.9,12991815.41,17177.09468
102,NSAZ04,Atlanta Regional Commission,Yes,4743,NSA,2020,NSA Z04,1346,227,222,126,16.5,9,155,124,11.5,9,173,114,12.9,8.2,104,124,7.7,9.1,111,87,8.2,6.3,250,125,18.6,8.7,123,87,9.2,6.3,156,102,11.6,7.3,19,26,1.4,1.9,32,36,2.4,2.6,655,244,48.6,16.2,361,152,26.8,10.4,298,136,22.1,9.4,40234,7926,74508519,19865877,55367,11441,43819,13876,30495,8814,68336,6193,31649,7844,968,165,71.9,2.1,51489,12230,465,159,34.6,10.2,14373,1007,376,151,27.9,10.2,36035,35667,215,166,16,12.1,12440,8391,23,35,1.7,2.5,0,0,492,220,36.6,15.1,275,159,62.5,23.6,3317,620,23861.3,4234.2,7020066.176,13972.59655
103,NSAZ05,Atlanta Regional Commission,Yes,4744,NSA,2020,NSA Z05,906,311,88,75,9.8,7.6,96,73,10.6,7.2,143,168,15.8,17.7,52,46,5.8,4.7,108,69,11.9,6.4,105,62,11.5,5.5,85,66,9.4,6.5,212,268,23.4,28.5,12,15,1.3,1.6,5,11,0.5,1.2,380,203,41.9,17.3,212,93,23.4,6.3,309,277,34.1,28.2,41668,8915,56086259,37934019,61925,36095,39566,9022,13170,15000,,,13170,15000,484,101,53.4,21.5,43794,13561,517,316,57.1,28.9,9948,8343,382,272,42.2,26.3,24564,5413,65,42,7.2,4,7779,3554,33,37,3.6,3.9,5195,4412,146,81,16.2,7,63,44,30.1,16.7,2170,433,27250.5,16657.6,10600329.25,14534.29556
