id,cost,ip_address,lat,lng
1,$85611.56,225.161.77.159,-6.4933318,106.8809319
2,$696139.36,236.70.247.9,46.7604507,38.4094028
3,$487864.13,8.69.185.115,14.5042265,120.9969782
4,$6437.86,243.238.142.45,35.87616,102.801062
5,$894691.43,24.215.197.20,33.504555,113.913911
6,$45811.99,138.30.156.220,39.8494377,-86.2666463
7,$185535.11,204.55.96.136,17.0187975,103.2432632
8,$978650.94,246.66.149.80,-11.7871994,43.2702822
9,$537296.41,255.164.156.175,53.3449659,32.0532332
10,$670000.91,195.195.125.27,24.1477358,120.6736482
11,$727711.92,28.31.28.174,30.5211502,112.8915932
12,$573227.26,22.17.140.156,55.6152783,37.9416367
13,$80637.04,80.229.63.40,-11.2648012,-75.6491753
14,$652684.88,18.36.193.69,-5.3860856,-79.4703885
15,$275174.99,59.8.158.170,45.3686282,16.5670285
16,$408255.26,219.103.125.217,53.6094616,-6.1832154
17,$687147.47,166.227.196.217,6.873999,7.6182095
18,$328842.97,187.84.211.14,-8.4636,120.5128
19,$650052.42,16.49.65.58,9.1669471,-74.1474846
20,$700523.50,251.212.192.194,-7.3090831,108.8511448
21,$522762.48,27.31.234.35,57.7662174,16.5983762
22,$668442.10,169.154.228.190,6.4687099,-4.976654
23,$632506.00,152.25.238.228,37.1518793,138.3591194
24,$971556.76,29.233.4.202,15.0270435,-91.148259
25,$701209.20,245.182.45.126,3.1035814,101.640078
26,$876627.17,215.161.12.201,-23.8611302,35.3411388
27,$982319.63,51.59.207.44,39.1505158,20.737591
28,$838223.51,196.182.243.178,41.1296379,-8.5821823
29,$93550.64,89.149.39.191,23.788392,114.74638
30,$460029.19,127.123.252.225,30.402167,112.899762
31,$509654.54,26.114.190.131,49.1313221,16.8056804
32,$942330.98,255.25.195.244,11.893334,109.1701666
33,$824294.92,66.25.55.124,35.664323,117.251195
34,$954866.07,210.106.129.14,45.2075889,20.8507302
35,$180523.58,65.208.164.129,49.6297207,37.6810464
36,$688062.53,147.222.143.125,57.4955715,13.1146225
37,$641917.20,244.228.124.69,-22.2220229,-49.8197149
38,$129851.50,114.85.145.189,42.3998287,20.6527992
39,$826294.72,5.14.57.45,13.6256926,123.1848939
40,$881738.09,111.96.99.201,23.063993,89.2318904
41,$855794.39,107.191.109.185,-8.2831649,113.5103504
42,$373527.22,213.157.140.4,48.5177572,24.6447745
43,$652274.76,94.151.200.99,26.1050311,104.5991578
44,$710519.92,66.171.170.6,29.6242257,-9.5395357
45,$155302.81,149.77.5.212,55.5039231,46.3984938
46,$648975.87,37.44.64.247,47.299613,125.930865
47,$923447.06,66.51.51.2,-23.5213379,-46.185867
48,$549075.65,29.17.34.171,49.0344853,2.2178783
49,$882666.89,51.248.64.179,-36.6131562,-72.9588593
50,$21190.50,23.22.66.42,40.888872,19.5181312
51,$371219.78,162.199.133.229,-7.4331,107.6462
52,$834471.48,36.169.136.35,51.2982002,20.2969528
53,$87892.08,63.101.195.3,39.174484,117.164388
54,$324192.25,30.25.98.221,40.934156,123.2064649
55,$568003.19,23.222.236.219,-6.9669184,112.3665609
56,$89177.30,236.205.231.40,3.592116,98.668662
57,$879698.97,144.25.59.119,8.1296031,-81.026991
58,$158954.46,62.215.27.100,45.3715797,14.3504236
59,$552584.79,4.75.187.20,-6.8898398,111.8330106
60,$618936.94,15.84.93.212,47.9035673,1.9638715
61,$807828.56,25.107.97.104,39.9095503,48.3595122
62,$238112.10,212.113.21.163,42.7015624,25.8960346
63,$247618.45,191.13.59.23,50.91671,-102.80099
64,$479226.45,159.66.83.197,35.1744271,-6.1473964
65,$844956.40,4.201.124.159,22.830192,112.074588
66,$369507.77,62.2.156.123,14.6430983,121.0219885
67,$22148.00,98.43.199.11,15.1614193,100.1087187
68,$88940.14,254.130.43.160,50.58999,20.057961
69,$15772.16,9.149.232.108,-6.2241971,106.8281984
70,$369251.73,159.170.21.87,56.1244362,93.3598524
71,$655196.80,115.60.45.226,8.16682,99.8348146
72,$815310.27,73.34.17.14,11.0124684,-63.9379244
73,$853639.51,199.57.216.120,44.0407757,16.1964988
74,$786932.32,44.82.135.235,52.4908529,20.7239452
75,$240782.18,154.129.12.222,32.061895,102.990108
76,$834882.45,108.156.133.169,21.104739,-101.670897
77,$913561.87,153.205.15.54,40.3943941,-8.7360619
78,$783296.44,194.40.27.206,-0.9761111,100.6838889
79,$15457.71,14.159.174.97,-29.5917671,26.667126
80,$218744.99,103.208.165.123,-16.2162656,39.914466
81,$620250.07,172.43.142.127,-6.898384,111.885002
82,$112626.58,174.217.73.162,13.6535843,123.1806689
83,$852049.53,102.188.227.179,-7.6142101,110.692877
84,$912804.81,29.79.217.40,58.4078726,51.1841486
85,$331700.81,86.196.185.175,-27.582369,-60.713149
86,$585503.43,103.169.116.207,3.706995,103.1024948
87,$717795.48,64.5.212.243,23.028956,113.143441
88,$665959.11,128.135.0.101,23.125735,113.964824
89,$910893.05,12.162.207.36,22.396428,114.109497
90,$120458.08,92.223.126.58,-6.2998469,106.0845931
91,$606793.93,17.129.138.17,-6.9092185,107.6426797
92,$707828.70,53.179.80.250,59.853262,17.6356163
93,$61659.55,49.79.162.13,45.8524432,-73.7572393
94,$523147.48,244.177.10.53,36.4257359,139.9802454
95,$699216.45,5.209.203.165,-25.5376671,-55.9901675
96,$732319.52,79.208.64.26,-7.643739,110.284601
97,$17801.50,212.193.15.31,-27.574998,-50.1626664
98,$817362.11,3.84.242.196,20.36667,-75.01667
99,$297928.03,140.163.231.119,42.65,103.8
100,$832597.78,10.103.120.59,48.8493975,2.4751086
101,$964004.65,157.185.223.115,-0.7885335,100.6549823
102,$351187.95,12.234.165.236,60.1575299,29.8465101
103,$734040.92,172.146.195.36,44.509727,18.0254081
104,$55442.93,7.246.167.120,25.241174,115.748629
105,$75758.53,114.13.37.254,39.442222,112.464886
106,$317599.80,248.57.139.5,22.6611943,-102.9937166
107,$407359.93,200.49.180.48,-2.2695575,40.9006408
108,$500051.93,254.31.150.154,-22.7338724,-45.1201112
109,$504988.01,189.232.90.72,34.705306,108.438067
110,$10027.86,42.10.191.86,33.9744806,-118.4177707
111,$544220.21,90.25.244.133,7.7299001,125.1001641
112,$22197.15,36.68.88.251,41.561877,108.925428
113,$123542.30,98.14.13.205,48.967159,17.0279282
114,$77332.80,36.185.238.31,31.385597,120.980736
115,$999474.96,7.60.172.212,-27.6923006,23.0367512
116,$436336.29,96.30.86.7,41.4222316,-8.2464998
117,$516053.48,215.163.174.243,19.3387759,-99.1497466
118,$28549.52,175.52.120.39,15.4963503,101.6385328
119,$952784.18,14.254.159.184,19.6612408,-99.0795719
120,$474627.91,247.150.232.59,41.3910706,23.200121
121,$960698.79,159.97.186.213,49.7052493,4.9404055
122,$909318.16,135.25.20.46,45.8174856,17.1851
123,$394730.68,190.156.185.111,-6.2360264,106.3198908
124,$931182.63,126.39.48.184,-14.35266,-70.094963
125,$399664.22,231.245.208.154,50.2642858,13.5453919
126,$871949.07,92.153.167.221,60.0128251,30.0046156
127,$822514.95,61.156.0.74,8.748114,124.802831
128,$860403.42,69.51.100.16,40.7843506,22.0874496
129,$160318.81,63.99.210.123,49.7724099,5.981844
130,$240399.24,94.28.172.123,9.2284759,-80.0856189
131,$225691.21,212.18.209.49,14.5347758,121.112687
132,$125754.92,109.191.130.226,45.89485,13.7233116
133,$906391.62,229.195.172.1,51.6325534,18.0075305
134,$44754.63,105.15.130.36,40.3802589,50.0918078
135,$547749.76,98.90.46.4,42.3604802,-71.0590624
136,$954088.80,26.19.38.2,-29.4125426,-66.8252726
137,$939374.40,216.140.184.249,42.901533,125.136451
138,$10904.01,236.192.43.213,43.4945737,5.8978018
139,$614225.44,39.184.74.70,55.2884444,23.9749999
140,$749081.94,119.36.245.198,29.541793,110.364953
141,$590238.39,94.127.138.1,29.049672,93.953264
142,$165632.95,174.158.233.41,-7.3,109.066667
143,$283770.30,176.191.231.251,48.6511908,6.481599
144,$751752.13,35.185.158.203,27.5558363,115.1613612
145,$487477.87,93.153.185.63,43.79741,131.953488
146,$241274.87,52.157.213.33,8.287423,100.1927389
147,$465178.08,13.127.133.174,4.9536104,-1.7344155
148,$224887.07,67.241.37.140,12.6679167,123.9881642
149,$346829.55,43.245.39.190,27.198639,54.3666012
150,$542231.64,244.189.249.253,27.8122083,52.350694
151,$40683.16,90.150.20.185,53.2059294,66.8098235
152,$252607.12,221.153.31.166,20.2993311,106.3581527
153,$94635.47,75.125.69.7,55.6427846,38.008554
154,$815122.88,121.188.41.93,-6.2278972,106.7045995
155,$259474.94,88.234.180.5,50.5658445,14.6542767
156,$990236.33,113.141.94.146,32.687346,35.419972
157,$70563.75,138.223.191.1,33.425066,-6.0017674
158,$655619.15,156.140.230.195,-6.967,113.7517
159,$696887.38,80.177.219.195,30.945515,117.81154
160,$942997.93,224.251.231.61,49.980217,24.0778329
161,$788567.56,90.234.65.88,44.7695326,19.6480341
162,$705595.70,178.66.77.223,-6.427987,110.9561
163,$707415.87,28.29.192.83,31.9339724,118.670339
164,$335216.08,128.5.168.118,37.8540608,-8.7921961
165,$245635.28,235.20.41.233,-8.3474,123.2104
166,$335767.67,207.128.169.89,45.0177112,78.3804417
167,$72781.29,216.195.33.44,-20.5180739,57.5263859
168,$741016.31,64.183.220.27,50.58999,20.057961
169,$174355.68,98.36.104.133,40.400611,122.348936
170,$282452.28,53.183.77.230,-6.080007,140.276147
171,$959541.39,209.25.51.26,41.942393,126.558573
172,$11136.53,189.125.64.178,10.1769828,38.1239492
173,$792169.58,198.43.234.15,6.6486989,-4.2051476
174,$917629.57,242.92.172.54,56.0345586,14.0604538
175,$723810.89,32.43.152.73,51.9913857,5.9372731
176,$980530.99,232.15.35.30,-31.7653989,-52.3375886
177,$793401.73,150.123.63.1,28.906106,111.970514
178,$761080.96,119.91.225.43,48.9933962,14.5417888
179,$776077.54,71.95.124.186,49.3983782,15.5870415
180,$346664.97,202.225.73.39,35.5873507,-82.4874499
181,$610535.37,148.173.135.174,6.658614,-72.733351
182,$729580.05,188.33.104.78,-11.8073201,-75.4264609
183,$568294.77,139.201.34.36,-20.9211015,-64.7480995
184,$978420.41,136.105.98.16,43.4945737,5.8978018
185,$313804.03,142.157.178.2,56.8965251,14.8077914
186,$574394.51,179.78.11.148,28.90499,109.667164
187,$157036.21,43.222.222.162,32.905305,101.755566
188,$133454.06,7.4.76.70,38.0339984,23.7379786
189,$175587.73,104.39.170.155,54.6711201,18.3894523
190,$495590.55,38.5.225.198,19.258341,110.474648
191,$522265.31,19.184.140.65,-8.403309,112.673499
192,$992759.08,130.161.155.122,30.826816,113.846241
193,$235726.19,71.178.171.251,43.525311,125.664662
194,$770965.57,243.207.183.187,13.816877,121.131952
195,$901902.19,220.171.38.26,44.5591908,18.6917335
196,$119211.88,168.247.188.77,-1.8213645,125.379537
197,$588076.15,252.216.168.15,-19.59354,-46.94141
198,$774788.98,118.147.1.209,-15.3238828,-70.0737598
199,$347156.87,55.158.136.168,41.6089452,20.006257
200,$531140.92,166.214.206.208,30.608675,114.980217
201,$199256.45,99.249.237.28,14.295795,120.9905117
202,$237827.92,238.142.90.203,48.235668,16.373098
203,$41964.77,249.213.228.0,50.3676821,25.8233821
204,$70274.90,126.77.244.233,49.735524,13.7575556
205,$534366.81,69.82.193.250,34.477861,110.084789
206,$704786.89,33.226.241.80,50.085781,18.5296459
207,$262687.57,206.187.133.25,35.9015016,-81.138279
208,$810639.76,53.143.78.187,47.1181887,9.5433844
209,$668279.95,88.97.39.78,44.3037425,20.5613514
210,$203661.21,200.59.66.24,39.021046,117.2401593
211,$170330.55,124.80.215.179,34.329605,108.708991
212,$232267.73,160.168.96.79,-6.4698758,107.4780383
213,$996627.79,90.244.86.169,44.254148,86.311647
214,$55823.49,242.237.206.194,49.0871049,0.5957159
215,$120866.96,208.60.95.252,38.0187253,140.1471983
216,$199317.32,47.180.151.91,55.6967262,39.2331589
217,$147938.24,88.48.23.163,25.941708,119.560304
218,$395608.73,109.158.121.108,19.63333,30.41667
219,$879365.67,31.227.30.207,-38.9459345,-68.113957
220,$746885.50,115.155.37.57,60.6191114,26.1999237
221,$214981.48,194.197.38.197,30.199688,110.674706
222,$653483.29,171.28.119.92,-15.3471443,-71.4438761
223,$60941.53,176.70.236.105,40.6230031,19.4690444
224,$31912.18,242.189.60.173,37.0510081,21.7155204
225,$877756.76,86.167.174.253,-26.8325124,-56.2063312
226,$858292.09,255.190.157.161,24.922044,118.223965
227,$830090.86,3.196.30.21,34.751868,107.035769
228,$217689.43,84.136.125.43,25.49872,119.790168
229,$463714.41,123.9.221.214,34.657162,104.549685
230,$390211.04,216.28.140.109,18.3999996,121.5166702
231,$949206.77,18.25.7.228,37.1578431,68.8824233
232,$860127.28,123.188.211.26,53.3604483,-6.1942058
233,$956490.22,34.173.86.119,34.3020001,48.8145943
234,$81719.87,5.210.211.25,5.069435,-74.380305
235,$727447.51,232.107.115.252,38.7097954,-9.4164575
236,$780801.39,20.202.3.251,31.311756,118.372655
237,$436174.86,190.145.180.25,30.387552,120.174895
238,$640808.11,134.85.166.100,16.5762863,107.5120556
239,$205244.56,185.168.189.123,38.7004199,-9.2419409
240,$555658.70,38.201.236.25,-21.0800303,-44.2039901
241,$685082.06,159.177.111.142,-34.6727765,-58.550564
242,$223022.35,11.201.104.65,43.804723,4.401981
243,$206133.68,88.105.253.88,55.7756358,37.8348162
244,$705527.80,142.142.186.182,8.1642301,99.6756794
245,$161755.38,0.149.17.130,49.0149775,31.0539028
246,$794189.38,5.153.82.131,37.760365,-25.7013016
247,$870980.81,224.165.205.148,26.930956,113.717886
248,$713962.45,133.118.85.165,-23.4819846,-49.2435998
249,$786755.67,188.56.42.180,29.204461,116.512037
250,$441009.61,14.163.23.137,42.4324196,129.741477
251,$254397.95,231.84.251.81,-7.0868507,107.5630511
252,$67254.62,37.37.32.79,53.2911347,-6.3506335
253,$676356.54,22.4.171.131,13.5699981,-14.5611573
254,$452041.51,233.137.110.155,41.9943014,20.4128027
255,$312823.71,241.8.19.234,32.85355,68.44972
256,$38198.45,137.252.227.117,55.9437901,37.315783
257,$435013.90,133.1.154.203,36.13848,36.61247
258,$942093.86,12.1.111.128,57.9870012,33.9071546
259,$880729.68,204.176.123.37,26.107704,102.73596
260,$301445.09,150.199.88.122,27.999411,115.932899
261,$726823.66,113.26.199.181,36.557474,116.747092
262,$578878.61,34.84.2.17,44.1440673,17.398111
263,$916082.20,110.161.164.10,52.8056388,37.2283674
264,$206001.83,95.39.29.255,60.0114861,15.7899671
265,$558613.50,209.19.61.8,-22.6118831,-46.0577071
266,$566569.09,16.141.254.104,53.2109968,40.3495943
267,$106168.90,2.244.37.110,14.0651123,121.2462166
268,$37395.93,249.190.97.80,-33.745727,-61.961036
269,$157864.11,180.148.64.148,54.7214094,-113.2861822
270,$529621.62,12.144.70.146,25.474787,119.117992
271,$774838.32,148.27.99.141,59.4043888,18.0280746
272,$239367.04,146.155.201.93,5.8837714,38.9824579
273,$480028.25,225.41.180.232,-6.2746751,-79.6080967
274,$18443.51,39.170.70.155,22.533012,113.930475
275,$71119.59,19.129.132.96,52.1350237,83.3181593
276,$871142.70,106.129.107.82,11.996688,125.4500814
277,$224176.42,215.187.82.132,39.1505158,20.737591
278,$127258.50,218.10.197.123,50.0234664,-66.8869412
279,$228929.96,27.89.223.142,38.8783335,-9.425154
280,$866578.96,73.198.39.220,40.6945036,-73.9565551
281,$758944.83,241.21.137.242,42.822377,75.3178952
282,$869362.94,31.54.118.112,31.145454,121.121123
283,$546372.45,168.126.249.191,31.759482,119.443725
284,$984746.98,18.231.159.67,16.4588779,-15.6940454
285,$140046.04,100.240.200.141,-7.2801,108.1944
286,$417617.98,6.219.96.252,29.285314,110.338222
287,$731453.06,235.93.12.149,-7.2929068,107.2666396
288,$115117.23,166.244.150.36,18.2943776,105.6745247
289,$291179.10,183.87.5.207,45.141789,124.825117
290,$719036.16,162.121.184.55,50.4145342,23.2170296
291,$112722.56,4.192.187.162,31.150681,121.124178
292,$8251.13,51.1.224.111,-7.9675395,112.7032945
293,$543830.72,175.19.222.130,-29.0303854,-51.2003761
294,$137125.23,157.77.176.132,32.421701,35.386433
295,$413857.18,255.181.170.15,-34.7063243,-58.4776004
296,$336770.17,253.220.13.45,-32.9271629,-60.6962267
297,$676213.83,43.2.25.228,36.1679648,8.7095789
298,$122776.32,154.45.255.27,63.8351385,-21.0606971
299,$318962.43,174.96.172.234,62.587277,40.61071
300,$190733.51,177.198.212.230,-7.617735,112.4172256
301,$295901.95,187.35.115.255,25.3141558,49.6299077
302,$948839.82,213.32.251.34,7.1854773,1.9979411
303,$237842.29,148.16.232.162,30.741991,121.341969
304,$273462.18,216.53.79.56,37.705473,22.7494193
305,$190456.76,32.77.211.191,-21.2664483,-63.4508107
306,$733017.78,136.216.160.21,33.38278,66.27233
307,$444555.24,45.116.26.58,-23.6228759,-46.7816647
308,$724005.29,63.53.35.46,5.695633,-76.649812
309,$793647.45,141.159.156.108,-10.02569,123.729698
310,$419052.43,251.199.28.159,59.3178128,18.0285502
311,$40884.62,255.68.96.85,21.0598649,105.4943648
312,$44303.63,209.52.208.151,-7.5173045,110.5933862
313,$339471.77,110.226.110.87,-19.7667781,-43.0343237
314,$168457.75,64.116.176.91,51.9166667,-8.05
315,$997933.74,242.227.89.197,48.4590993,-67.4401254
316,$626345.57,76.167.116.202,13.3539251,5.2344983
317,$276078.21,240.127.246.72,-22.4183841,-44.3482701
318,$483837.36,138.55.146.194,-20.5393288,-47.4013437
319,$631613.63,48.106.174.178,46.366234,127.010966
320,$226915.64,74.203.172.223,12.6813957,101.2816261
321,$942258.52,20.137.73.120,-6.2360264,106.3198908
322,$958700.53,43.150.55.77,13.3393279,122.0103514
323,$699390.35,97.103.144.46,9.2894242,12.2416715
324,$72015.87,106.165.222.82,39.9931853,46.9949562
325,$140771.26,215.33.12.100,29.985295,122.207215
326,$342704.22,128.149.30.101,10.8226522,105.6647142
327,$44485.40,159.170.36.35,36.4173244,139.2821897
328,$590676.60,156.39.44.135,13.5292779,-86.2856819
329,$746405.41,2.193.44.146,49.9800949,19.234704
330,$349598.40,230.186.211.136,57.9093249,60.166299
331,$935007.37,78.27.72.215,39.964054,116.714967
332,$488147.43,129.227.117.97,15.2904851,-86.9135745
333,$173650.12,233.42.114.164,-33.7309374,-70.7423218
334,$770009.35,234.111.187.227,13.6910654,100.614025
335,$753591.92,203.242.199.31,37.401244,22.1364871
336,$252166.19,103.247.209.147,-9.1930089,-38.2110938
337,$891571.32,12.25.243.46,-7.4399956,107.9887402
338,$89116.77,199.114.147.84,-5.0077715,12.9608246
339,$906187.11,122.117.40.19,15.816699,120.349903
340,$818970.78,125.239.211.106,-7.2510084,106.9600711
341,$906003.07,173.2.4.36,48.9200144,17.1656129
342,$747872.86,29.101.160.205,-10.5224941,-36.6525696
343,$907998.72,127.252.249.174,46.2051265,-70.7720325
344,$209907.89,70.87.126.243,-6.91253,113.75089
345,$374354.38,219.12.194.86,9.3607067,-83.7145811
346,$809368.33,235.98.83.157,39.986293,116.313024
347,$143734.49,1.185.174.66,30.893837,121.092179
348,$120856.28,226.238.89.186,42.4466457,19.8827002
349,$225183.04,42.111.84.126,35.7642515,10.8112885
350,$804107.07,206.136.50.116,6.8192374,3.1930302
351,$626852.92,159.154.83.142,50.1262873,20.1024758
352,$917380.88,141.11.86.28,-6.2962889,106.2413249
353,$408682.59,67.149.236.249,41.6985084,-8.3404338
354,$498853.44,236.61.175.86,26.4755204,67.7240089
355,$6759.35,98.48.140.239,35.8835933,140.5250401
356,$132743.90,117.206.76.241,29.83622,91.64777
357,$290760.39,198.147.150.187,39.4158155,-7.4562886
358,$316510.06,66.203.63.227,31.871595,56.0194244
359,$288694.94,227.112.138.68,-6.791629,111.5140386
360,$35421.93,210.21.94.115,31.5977,118.45323
361,$270511.65,229.104.43.159,57.716,60.6484
362,$864596.79,234.117.22.165,36.7683527,45.7337091
363,$913037.17,58.191.93.112,31.5204633,-5.5302337
364,$344598.17,26.11.237.168,33.9253024,-84.3857442
365,$510507.31,47.14.250.67,-29.6880479,-51.1333376
366,$323123.20,13.81.0.160,12.3783745,17.0568962
367,$513463.87,66.120.109.196,34.0236518,113.8059154
368,$170935.59,195.211.66.100,48.4621258,7.4888434
369,$303021.93,105.74.82.87,50.03332,-113.58524
370,$657395.43,31.152.34.211,22.2949889,91.9759204
371,$907192.94,233.234.5.147,32.009995,114.91925
372,$602967.12,253.233.58.216,32.200197,118.41697
373,$770734.68,55.75.127.66,43.800779,131.978812
374,$151641.76,163.12.13.192,-7.4720926,108.6324073
375,$361215.23,100.33.220.13,57.6890848,12.1646899
376,$47719.28,62.200.3.141,19.543278,110.797759
377,$295021.66,245.239.252.8,57.331693,25.6100339
378,$505552.99,162.76.204.212,49.3168925,17.4637476
379,$978395.35,88.74.70.145,39.163627,117.672041
380,$347075.38,10.100.89.237,59.8445787,13.2588145
381,$198625.13,199.68.104.26,0.0090686,103.5089907
382,$143237.51,145.255.7.126,38.1625093,21.6682269
383,$368700.25,120.157.160.124,36.46667,81.96667
384,$435314.43,247.189.184.205,-7.302664,112.7330892
385,$271374.38,118.71.9.12,17.9835237,100.051784
386,$531605.63,78.56.81.39,24.8051928,125.2789544
387,$950135.14,163.26.147.94,46.8330256,-0.7845859
388,$107451.16,107.119.196.140,22.2866176,114.148724
389,$429298.98,213.17.173.38,50.216501,21.6671416
390,$939765.75,47.165.20.97,41.781418,82.502677
391,$315666.97,237.41.224.244,-6.2418983,107.0929915
392,$424923.33,104.247.54.128,43.915,67.24806
393,$797593.92,17.188.87.58,-6.5322356,105.652983
394,$51971.99,253.105.167.176,6.8883341,-6.4396888
395,$704036.42,67.170.112.124,-24.912902,-65.640294
396,$803721.87,59.57.139.140,21.8788609,-82.8101975
397,$876162.14,75.251.23.196,-7.328379,108.207215
398,$744314.98,210.96.94.222,40.774461,120.869231
399,$167864.13,174.152.103.196,11.8469126,-86.4364441
400,$646336.08,13.210.5.67,5.8874488,10.0191857
401,$690484.53,195.219.23.103,41.4853545,-7.1808711
402,$65003.40,239.149.217.206,44.7783548,19.5985451
403,$278700.79,39.140.82.249,65.2670135,21.7880154
404,$309002.12,92.111.169.236,-16.4078661,-49.1828385
405,$283079.54,179.251.241.61,42.0943874,43.080345
406,$518495.74,74.6.236.181,49.3357569,22.2868645
407,$682430.33,128.233.29.49,45.1596128,19.1621323
408,$378631.10,148.109.67.33,-7.361477,108.103677
409,$206678.03,47.82.238.138,54.7305189,25.2361291
410,$390855.85,88.162.186.46,33.8305244,-4.8353154
411,$307066.85,157.19.241.171,48.9990813,1.6899473
412,$935988.22,117.11.21.105,-27.451456,-59.029959
413,$4226.71,154.141.71.84,48.9580793,16.9851229
414,$457858.98,126.104.170.147,53.4513,17.5316201
415,$460843.47,215.122.8.162,49.3893564,20.1858091
416,$883694.43,140.26.98.104,32.206857,114.539918
417,$879371.13,53.38.161.71,12.5258542,-86.2907568
418,$953550.47,17.96.173.137,-6.6187563,110.6647198
419,$993929.61,196.150.86.56,34.810487,117.323725
420,$386257.41,40.82.46.204,-6.5596329,111.0534923
421,$938039.41,187.236.198.208,8.150969,123.8502563
422,$703375.81,117.198.51.105,46.4054155,16.4201451
423,$217636.37,182.189.193.166,33.13782,111.490964
424,$646925.24,115.189.21.194,46.8260183,-2.1318548
425,$514064.26,166.173.175.236,-7.3522365,108.0450467
426,$923666.79,244.146.96.154,55.6840317,12.5532982
427,$95866.90,27.76.107.148,59.0463022,12.7017317
428,$533098.19,131.77.16.245,-6.1382732,-77.0967357
429,$871988.47,125.121.25.246,37.8099917,65.2026017
430,$223974.58,153.194.221.233,31.7640178,54.578097
431,$890586.46,192.120.37.37,-38.7239099,-62.278743
432,$788428.26,87.115.178.227,15.60223,44.0242
433,$592317.67,50.62.83.231,30.274084,120.15507
434,$941682.60,17.220.110.33,50.0360024,22.0152079
435,$571041.91,234.241.188.58,39.1168675,-9.2011356
436,$901757.75,87.151.236.141,21.2573126,105.8480203
437,$222972.96,209.98.170.145,23.11153,109.57224
438,$210523.47,188.29.56.179,27.86732,107.42099
439,$209077.98,114.189.132.13,-19.1694375,46.7405959
440,$672381.88,102.95.163.110,33.644743,115.177188
441,$378878.20,132.213.38.177,32.085484,112.124371
442,$121466.84,181.34.105.103,59.3138173,14.4937714
443,$9661.49,137.82.216.252,3.5053306,98.6783333
444,$623036.73,162.51.17.110,20.957938,-76.9527836
445,$483125.93,159.20.221.33,31.438589,104.618817
446,$719512.48,194.189.92.210,39.9474817,116.4689261
447,$982648.22,157.68.88.95,36.077544,120.008307
448,$53917.24,122.203.148.225,59.3465821,26.365315
449,$991177.89,232.249.25.217,34.9690901,63.1443045
450,$339371.13,205.56.198.7,50.3789576,13.751438
451,$714249.10,78.81.117.144,35.4889372,139.3909552
452,$475362.16,107.206.121.239,35.995654,119.410103
453,$249736.04,22.199.6.109,30.031533,101.014425
454,$827692.88,138.186.240.198,31.438589,104.618817
455,$156961.75,190.5.114.224,-8.1553145,111.8270486
456,$422989.03,35.58.173.100,7.7601925,125.0095225
457,$735379.38,169.170.3.119,31.288153,114.618236
458,$802024.17,73.239.28.250,32.114217,35.195851
459,$301812.72,30.168.166.171,-26.2886266,27.8454627
460,$372470.76,189.15.12.162,2.18873,98.61185
461,$663551.44,84.168.243.139,-11.7088712,-40.5940565
462,$14459.46,29.38.10.126,40.8288377,-73.9374517
463,$540390.85,253.134.72.94,44.8532094,20.3555646
464,$594842.04,70.92.45.103,34.02,-118.5
465,$94490.57,175.73.173.57,18.7597777,-69.0362184
466,$543351.82,120.239.190.115,59.3650479,17.9947004
467,$79462.29,6.58.210.193,-25.7605107,-56.6163213
468,$711617.52,148.53.137.137,-7.0062,112.0295
469,$35124.91,212.91.181.86,35.1674,25.48139
470,$237085.71,26.44.250.193,27.5331693,68.7254605
471,$780350.00,200.116.59.231,55.874056,37.690366
472,$600056.00,0.53.200.78,14.5939093,-90.7533601
473,$289125.95,205.50.200.22,31.340637,119.823308
474,$773321.22,53.38.191.242,46.4144282,37.9579616
475,$840976.44,74.68.95.64,43.8363441,4.3566473
476,$125046.50,16.203.70.210,24.1426408,-110.3127531
477,$478003.29,25.115.239.83,36.2268985,27.8561492
478,$37568.54,106.73.139.237,32.4322509,74.5809328
479,$832016.72,188.135.50.6,23.2654395,113.3547602
480,$169104.54,105.142.123.234,-10.5411,123.2875
481,$831729.54,207.94.93.233,-8.4422524,124.1253751
482,$616626.62,251.97.58.146,45.551643,-73.1932647
483,$187157.90,26.98.87.37,-6.7790605,108.2852049
484,$429898.19,124.23.89.222,53.3621047,58.9682091
485,$156553.71,56.66.131.234,26.41417,109.10222
486,$756882.49,1.174.92.170,27.0449005,84.8672171
487,$72046.97,160.65.11.154,-36.6062618,-72.1023351
488,$540127.10,242.148.161.97,54.1347287,33.2921685
489,$937682.85,183.8.241.218,37.479652,140.9588844
490,$836208.26,26.30.52.26,33.08038,104.64117
491,$275337.51,0.34.62.140,3.116134,101.664881
492,$109974.19,75.232.251.64,51.5742615,5.0840393
493,$983840.19,36.102.222.37,52.5387,30.9173
494,$402633.15,45.177.48.74,-10.5971,121.8889
495,$918086.95,214.50.20.232,39.8914201,-8.767762
496,$659735.59,208.234.85.88,41.4030479,-8.2430192
497,$783186.50,100.182.46.76,-17.6680839,-71.3468091
498,$272609.64,43.182.61.236,-7.3742259,108.4454089
499,$922406.79,218.44.17.114,40.1852285,44.2668203
500,$381172.55,61.252.112.30,-0.8406658,-80.1596041
501,$466597.27,223.16.186.231,59.3846971,13.4676693
502,$994038.71,115.20.218.81,40.0966354,116.6409433
503,$97980.13,93.199.98.13,-7.377892,109.2504436
504,$384423.58,156.122.71.96,-32.4499018,-71.2325958
505,$758001.44,122.86.139.34,46.9874505,3.1506645
506,$738204.34,167.149.76.7,-1.0875428,35.8770642
507,$37527.89,252.79.240.112,40.5511823,22.249713
508,$215490.23,113.49.47.144,48.695223,2.190167
509,$49919.96,105.51.131.154,56.1244724,38.8768972
510,$517638.01,138.105.233.85,9.6470386,125.602355
511,$97448.76,214.7.247.179,42.078622,126.908717
512,$403861.75,161.61.244.202,19.4102526,-99.0073673
513,$444307.02,28.99.91.118,25.5822549,-100.9086492
514,$116178.08,157.54.53.123,45.6518526,16.5355901
515,$42313.78,64.35.61.133,-20.05913,48.13327
516,$984067.69,226.62.7.243,48.7037515,2.3056035
517,$346047.11,75.56.25.120,42.7989149,133.0298493
518,$586083.68,31.2.187.100,35.0820413,-106.6478031
519,$201895.26,194.44.62.155,38.8905198,-7.5457633
520,$105555.43,168.77.191.228,50.3633974,25.1107867
521,$314749.15,244.12.144.161,36.3006568,137.9047429
522,$965642.50,135.166.244.39,31.77,-106.43
523,$559560.15,83.190.40.162,56.3103675,38.1016955
524,$135230.70,169.68.251.130,29.696195,106.79542
525,$598948.49,102.225.236.184,-26.360436,28.451357
526,$158571.73,60.11.245.186,55.7562751,38.6792665
527,$656548.90,236.202.6.228,6.1090652,102.133622
528,$466158.21,212.140.170.72,3.5233855,125.5110513
529,$149150.33,156.98.107.111,-23.7219872,44.3827547
530,$118013.34,148.200.130.178,-13.6908547,-71.6421194
531,$909723.19,9.173.203.72,15.4910185,-91.765785
532,$461643.61,26.102.223.153,13.4833399,106.9801346
533,$85435.06,30.147.9.195,44.7771057,33.5458805
534,$621704.47,191.90.34.208,57.0408915,24.0131821
535,$119559.45,46.200.85.118,57.9642094,12.1438774
536,$934394.93,11.32.46.172,28.3683182,83.2934086
537,$174089.19,19.36.54.45,37.7574326,-25.2384711
538,$619.75,117.25.144.97,46.8700877,43.0650548
539,$920065.47,159.49.6.46,59.8668258,17.6537608
540,$971288.76,86.176.245.56,25.87886,119.545653
541,$665954.14,171.227.198.247,14.7258963,121.0226751
542,$228049.71,113.69.96.22,40.5067525,47.6489641
543,$272475.46,49.56.177.124,53.7815116,27.4312339
544,$334151.96,235.126.220.81,34.0136456,69.4307821
545,$632870.28,188.9.221.174,-6.2167736,106.5230542
546,$634148.35,138.164.229.181,50.6283477,18.7971435
547,$921593.95,235.84.134.70,-32.9150009,-65.3749466
548,$246967.84,194.32.70.51,-8.5639937,122.6164409
549,$943379.03,222.217.25.243,36.3645281,37.0158772
550,$266374.16,41.240.32.208,-7.6387228,111.0460407
551,$916847.36,120.45.209.174,34.016449,64.5266446
552,$940322.05,72.247.205.46,55.6689972,12.5409879
553,$694875.96,38.20.80.191,55.9522407,25.5895781
554,$197537.48,144.173.186.11,38.5301118,68.2146857
555,$928358.86,2.74.181.166,33.5915355,-101.8482479
556,$874489.36,177.104.117.209,62.6014659,25.7278806
557,$499807.12,203.111.136.111,51.0309199,16.7675963
558,$180549.28,190.137.235.31,35.1183378,69.2341133
559,$518024.37,98.228.7.11,28.9141178,120.0531443
560,$472323.27,117.30.202.41,-8.5388252,115.402367
561,$785551.63,78.50.207.1,50.1559431,14.1889828
562,$548936.41,212.25.132.105,37.5697358,140.4907047
563,$390250.96,218.233.116.191,-8.2058799,113.1724461
564,$345395.73,194.142.199.56,59.3462826,18.0843085
565,$887718.20,251.55.63.105,-6.956164,106.7714
566,$610484.10,206.182.115.207,27.398759,116.350531
567,$53431.71,175.98.188.85,34.15599,64.78566
568,$568181.32,13.26.156.189,41.9100239,20.9108471
569,$299750.18,212.151.234.89,35.24069,117.554287
570,$468673.74,41.104.235.114,59.9263628,10.779541
571,$107660.75,183.231.187.210,-29.899528,-50.247365
572,$358726.99,156.169.206.41,-25.8664184,28.1678543
573,$398205.69,249.145.90.205,-29.4125426,-66.8252726
574,$434873.36,209.167.8.101,22.2016816,-97.8367954
575,$239537.56,8.90.155.207,40.3373262,20.6794676
576,$195517.01,217.154.90.13,28.845441,121.131229
577,$636251.28,246.146.125.237,48.282193,37.1847804
578,$239600.38,112.114.92.156,49.9778407,16.9717754
579,$32516.26,125.128.97.122,31.7238883,119.9481515
580,$880826.54,55.5.98.233,-7.3077709,108.5522531
581,$517593.98,106.77.112.221,50.24987,-117.80226
582,$830693.26,201.47.45.55,31.558471,118.844538
583,$460502.71,194.204.22.146,52.4908529,20.7239452
584,$734115.94,18.207.112.109,13.5742541,-89.2062985
585,$606597.93,97.236.30.161,32.470376,35.356811
586,$693172.84,69.187.40.14,23.110052,113.240664
587,$934916.07,158.36.229.143,23.7173024,-99.185752
588,$706418.40,2.112.183.135,-6.73479,106.7855
589,$653929.86,13.2.41.106,25.318672,119.105528
590,$575692.62,216.89.133.121,57.1355803,103.9325393
591,$124808.57,41.6.81.199,41.5706511,-8.3577961
592,$114882.86,112.49.72.240,29.1203,107.415889
593,$65589.34,5.149.190.31,-1.801926,-79.5346459
594,$306210.40,45.239.24.130,36.164846,-115.155709
595,$563294.95,49.200.165.249,4.6096768,101.1064003
596,$177062.69,242.164.239.86,41.4783577,-8.5364865
597,$21566.05,244.137.112.213,17.4792157,121.6180515
598,$362054.99,242.103.105.87,-26.7162431,23.9253941
599,$430505.42,121.199.187.109,-8.455768,-39.4035876
600,$735432.31,226.44.164.241,-0.8433489,134.05592
601,$968315.03,119.95.4.95,34.732099,105.335897
602,$795289.77,83.249.232.164,16.663904,121.451539
603,$107695.06,87.163.30.127,-23.668163,-46.4617086
604,$721534.44,123.118.34.129,31.2303904,121.4737021
605,$761390.49,198.84.146.156,55.7222135,13.0258964
606,$580349.19,137.25.69.228,-8.7330784,35.2972331
607,$354459.08,74.75.7.84,49.3909134,30.1988199
608,$418972.38,131.212.10.101,47.2495437,107.5408308
609,$98171.58,225.160.52.148,36.1181827,36.5162077
610,$170824.23,63.164.145.163,32.99095,100.0703
611,$31403.23,65.50.188.113,46.6975886,15.90981
612,$462185.93,123.1.17.56,5.7577596,103.0010752
613,$626200.52,33.246.164.253,18.5118006,105.2662931
614,$557369.64,145.233.162.117,33.786489,133.7255189
615,$195363.99,142.252.241.152,47.0169394,-68.1430203
616,$510334.10,233.8.155.186,48.4242028,142.0863655
617,$773596.42,157.219.200.4,14.8881276,101.7187284
618,$933336.02,45.52.254.80,51.725198,75.3150685
619,$504240.04,134.69.45.47,-13.6211552,29.3889082
620,$557411.53,239.50.121.166,15.0690612,-91.6341489
621,$759865.00,48.83.108.107,-6.9706827,112.593047
622,$528468.45,193.102.57.252,45.4451601,35.8363269
623,$349313.02,222.101.124.211,53.1936864,-6.590926
624,$857461.24,255.92.243.93,51.9166667,-8.05
625,$125545.11,194.16.30.227,40.6238989,122.5200228
626,$163224.66,214.2.7.71,-31.0767358,-64.4833187
627,$463864.42,187.41.149.37,26.830199,116.844405
628,$297963.15,232.245.101.199,22.996513,113.823603
629,$722402.78,149.157.223.4,15.2008428,-12.9449928
630,$336929.42,75.0.110.151,41.0184587,23.5206341
631,$729519.21,34.86.42.209,28.845441,121.131229
632,$964205.93,146.114.138.86,48.8708001,2.166848
633,$820862.72,22.148.216.165,53.1570421,30.4606679
634,$342466.38,117.174.128.131,49.3996493,37.0642852
635,$128260.36,149.136.35.68,49.7002226,5.9670927
636,$843858.13,189.221.189.56,18.2447388,-71.2205376
637,$405240.63,152.167.44.27,35.474465,128.2579205
638,$231198.35,211.245.195.125,-22.72125,27.31057
639,$431170.48,169.122.53.242,9.5608923,-73.3384471
640,$375727.02,88.54.154.186,-8.7896834,116.2836124
641,$550738.58,241.9.74.237,42.4324196,129.741477
642,$43893.97,50.189.214.41,57.9675068,12.577321
643,$598520.98,11.106.80.141,12.1392352,104.5655273
644,$475320.05,88.235.67.166,-24.5551012,25.8107681
645,$142922.14,203.117.229.98,28.841329,91.016402
646,$927343.98,123.215.175.35,23.7247599,108.8076195
647,$801325.56,233.105.18.219,6.4126332,38.3007613
648,$461448.81,91.0.154.77,-8.3474,123.2104
649,$684399.40,59.147.226.215,40.7813001,19.8440006
650,$821311.88,99.115.122.122,41.4942587,20.2147157
651,$270097.80,11.115.49.44,28.4391484,-16.2845785
652,$963922.60,106.12.224.117,34.2904302,113.3823545
653,$348620.86,92.242.209.225,-9.6239,124.0019
654,$677757.50,83.9.169.188,7.027766,-74.692965
655,$521296.78,57.25.10.3,10.4009358,106.22868
656,$554634.28,128.93.200.161,-8.0941273,112.274168
657,$772768.03,224.33.97.250,26.053583,117.870803
658,$18637.20,11.201.109.81,34.7071301,33.0226174
659,$672397.55,12.203.176.212,55.7,37.75
660,$471711.37,154.59.231.36,41.2511521,-8.3148854
661,$90436.55,59.102.161.134,-8.4500758,118.7278177
662,$166856.99,139.242.235.221,57.8644157,13.4263048
663,$672644.60,219.49.32.10,33.7622962,132.7021114
664,$420418.01,153.52.63.25,37.34,-121.89
665,$92022.87,13.233.54.210,45.7782243,4.7987938
666,$66318.18,73.250.220.239,34.5594987,112.4678779
667,$618900.86,46.54.156.92,-8.5769332,-35.9369952
668,$908775.73,72.116.7.75,45.6429121,29.3753657
669,$716197.26,4.102.186.198,38.2509637,23.6954977
670,$148006.03,182.203.3.91,-8.3765619,115.1918802
671,$233206.02,154.107.102.179,-29.8355529,30.9958074
672,$540085.12,232.184.0.177,27.106637,114.964086
673,$985792.79,117.100.127.46,14.52309,-90.764589
674,$532809.18,240.5.91.165,49.0549661,16.6445006
675,$414807.26,87.76.143.57,-7.6385033,112.9148168
676,$353841.66,254.208.30.191,22.691253,114.346251
677,$186403.11,182.74.141.109,49.8545281,18.6057328
678,$972870.90,118.29.47.159,35.5205328,135.7708561
679,$8033.63,239.235.237.153,6.4482939,101.8107351
680,$603782.98,66.0.245.38,-21.4649238,-47.0145295
681,$795226.48,101.46.51.222,-26.924287,-65.3379779
682,$786965.54,171.3.234.119,52.7604883,-8.8950821
683,$436024.97,154.51.205.38,5.032145,-74.884455
684,$616728.97,93.24.63.151,48.5428567,22.9948916
685,$824454.56,42.6.206.29,37.7621762,-25.5651478
686,$525688.27,160.184.121.230,-34.1701324,-70.7406259
687,$805557.80,56.125.78.65,33.38278,66.27233
688,$67575.26,96.13.218.118,22.529403,103.93935
689,$544033.37,65.229.123.52,37.5923591,21.6206833
690,$315713.26,161.55.56.169,-6.3668625,106.237505
691,$732420.19,47.49.8.183,-6.0820288,106.0449143
692,$864314.44,112.167.215.113,40.4529251,49.7333235
693,$435264.49,95.96.192.168,40.7512099,23.0695911
694,$149828.03,74.240.247.202,38.8053078,-9.2279436
695,$279272.80,53.207.195.75,31.2570292,121.492796
696,$598175.47,16.238.148.222,60.1575299,29.8465101
697,$525071.30,250.10.71.14,34.542308,118.752842
698,$11.05,141.190.162.106,-8.2672,113.7496
699,$385068.40,112.241.239.240,-6.8128491,107.5087328
700,$781822.70,39.69.250.2,-6.279197,106.832873
701,$317366.42,64.72.96.158,-13.4919595,-76.1667807
702,$489449.49,236.40.37.130,47.4214312,92.2225067
703,$620590.55,201.85.55.47,19.6707976,-99.1885208
704,$77528.05,150.243.253.156,13.8013,32.4078
705,$537486.67,139.139.133.84,38.02365,114.152183
706,$812597.65,225.151.181.137,47.63319,-52.94806
707,$861428.34,216.94.115.201,-7.038375,112.9136695
708,$422073.59,86.163.227.129,5.9795827,124.6723608
709,$838108.98,78.88.0.127,6.3049636,7.5626411
710,$389598.88,201.215.180.60,3.3217785,101.4679893
711,$341024.06,159.39.205.125,-8.8399876,13.2894368
712,$60548.15,228.238.30.200,38.97513,26.3684411
713,$487204.14,29.28.187.131,26,99.8333333
714,$683258.04,247.153.185.210,30.713107,120.181069
715,$487134.52,126.209.34.57,18.226045,121.555888
716,$66466.06,11.107.158.119,44.4113398,18.7480201
717,$674877.48,115.178.249.165,34.8582652,33.6007892
718,$778925.85,82.111.227.194,27.1291264,-104.9126044
719,$544413.40,15.13.233.178,-9.4852898,119.1736353
720,$182433.75,85.148.19.149,22.9647344,-82.1523251
721,$137818.60,108.207.141.247,48.7320309,16.905384
722,$321848.24,96.198.134.22,19.539165,-69.9013281
723,$812791.86,249.135.42.104,15.5168467,120.6069565
724,$458944.99,248.133.28.252,40.6918277,20.9424673
725,$325126.58,41.37.214.128,46.8439197,-1.8718358
726,$759919.17,145.89.51.172,-2.4431287,114.2152731
727,$853413.93,224.140.34.226,38.290338,-8.2274142
728,$617597.36,91.12.63.225,50.9603536,14.3596743
729,$696999.58,190.242.166.198,46.4044239,14.1375549
730,$312355.88,4.95.83.215,41.43999,22.79536
731,$68157.11,157.128.184.218,-33.7902407,-57.4895998
732,$289056.91,14.194.237.203,52.5121401,13.414046
733,$796591.70,229.128.117.252,56.8408003,42.5992867
734,$677988.00,246.55.11.239,-32.0355634,-52.0918239
735,$531840.41,157.168.212.38,48.8744977,2.3410371
736,$8450.71,154.99.11.83,24.646975,116.951541
737,$599834.59,72.169.145.185,-41.2913531,174.7799667
738,$67289.58,81.15.241.144,9.9126704,-67.3614586
739,$123542.04,4.59.177.203,39.8,-89.65
740,$842074.03,153.112.202.14,59.7649518,5.4640977
741,$817558.42,177.174.198.128,39.912288,116.365867
742,$771212.00,100.177.133.247,-2.6242355,-56.7346167
743,$220038.83,240.19.100.46,48.6011478,-1.9817089
744,$782333.60,34.235.75.65,9.297858,-64.3490085
745,$627346.64,137.179.185.174,24.034527,112.047639
746,$112909.38,125.169.75.106,49.554701,32.0981669
747,$633177.70,69.148.178.45,38.400112,114.866414
748,$664529.89,114.94.126.49,-2.609012,112.403397
749,$794023.99,86.225.6.66,46.272878,102.7790303
750,$433909.36,126.94.192.81,-7.0572973,107.5365647
751,$218106.44,158.175.63.100,35.49846,36.00955
752,$604982.05,111.140.222.244,-20.8933441,-47.5925952
753,$205075.81,243.121.218.134,16.0765691,97.5843171
754,$711982.53,125.54.167.231,41.8563033,60.398557
755,$434599.76,113.76.227.106,8.2760566,99.999936
756,$100745.56,138.236.168.159,-8.1018542,112.0922743
757,$143439.75,226.146.221.169,-8.639266,122.281829
758,$897105.73,45.14.144.97,-6.147133,106.6232359
759,$654121.31,67.46.158.12,-17.1885187,-45.1494505
760,$743836.72,206.129.56.106,14.5951658,121.4276451
761,$504665.79,212.241.163.4,49.0498305,15.5547835
762,$953952.67,96.64.128.163,49.0096906,2.5479245
763,$1392.05,186.40.233.141,59.7436995,18.3601496
764,$741308.08,26.164.231.113,7.1864095,100.5927222
765,$678998.75,68.103.244.203,51.3436553,25.8490867
766,$260443.25,104.46.9.166,32.2680738,-110.9923904
767,$750333.50,197.122.71.92,50.1661085,22.2214748
768,$26570.19,19.180.149.16,47.5015067,34.6341859
769,$69206.06,204.2.168.233,31.364902,108.249509
770,$476392.96,22.239.248.224,10.297315,123.89885
771,$296085.13,91.146.66.139,-7.898852,111.9284017
772,$545991.63,56.187.119.200,29.743828,122.108265
773,$216508.38,4.1.39.196,47.59989,-53.26478
774,$841667.61,46.20.178.124,27.5277132,57.8651371
775,$912210.35,255.80.166.119,8.931132,-75.030651
776,$864036.43,77.82.122.196,10.107755,123.649321
777,$611624.45,91.135.211.32,31.1655344,121.6793537
778,$398323.37,65.95.108.136,39.3046388,23.2207655
779,$351407.61,52.18.150.166,43.8227415,18.2051201
780,$750327.83,34.222.219.2,53.6094246,18.5697311
781,$160616.83,90.152.246.248,40.9177668,-8.5813851
782,$309886.91,151.189.12.85,-32.9701344,-68.8462541
783,$319089.68,210.171.166.46,36.34931,126.59772
784,$720019.25,29.155.42.149,49.8831056,18.3174408
785,$909694.01,215.170.238.106,-15.7524721,26.4370933
786,$205553.74,138.238.21.214,43.1135996,-79.2169174
787,$480427.33,42.171.38.173,41.1154773,-7.5627051
788,$574833.51,139.251.5.79,-7.606418,110.190865
789,$304387.35,10.66.42.78,44.055922,85.38086
790,$341343.32,142.116.211.224,38.7108335,139.7415269
791,$581424.74,112.167.206.176,25.9755686,89.6367458
792,$963552.56,21.81.194.123,27.1840722,114.9749001
793,$581255.23,117.208.208.223,38.4664687,-9.0952451
794,$922669.73,232.17.131.204,17.8579334,-93.1548091
795,$65944.48,26.217.122.112,-40.864985,172.89648
796,$156025.31,157.100.38.243,11.5012022,122.3115616
797,$847132.51,43.85.149.63,26.497765,101.738528
798,$406929.08,80.139.236.121,-8.5388252,115.402367
799,$312127.19,206.70.28.226,34.5235452,43.7190392
800,$274454.14,118.98.26.157,38.1788095,15.4976181
801,$886889.58,64.141.18.180,65.0344464,25.8438146
802,$699601.40,247.238.117.56,32.25124,35.26716
803,$236189.51,61.168.232.214,47.2952721,39.8734276
804,$533086.67,56.216.21.3,37.5599805,127.0051893
805,$6791.92,45.22.88.106,40.8024032,21.4591344
806,$141223.42,222.100.5.140,13.3252954,-1.5257042
807,$260472.20,174.12.83.57,48.9648921,2.2558072
808,$895204.82,8.80.173.239,23.106401,113.459749
809,$628997.17,84.84.130.26,37.2284208,21.6360085
810,$256808.30,155.14.217.89,13.8170825,101.3052635
811,$387223.36,210.148.153.60,-33.5938745,18.5268253
812,$203391.73,73.128.226.8,44.5159761,21.7315817
813,$121541.32,25.164.233.82,39.154597,117.170921
814,$703622.59,59.229.39.249,52.83797,15.83104
815,$750853.34,150.224.111.62,-6.956164,106.7714
816,$884115.07,171.253.93.148,46.6817873,-64.8659804
817,$288767.86,181.142.217.5,36.285616,115.147814
818,$455808.80,161.106.255.71,11.6794479,-84.7015108
819,$52620.72,23.89.182.188,13.3200851,101.1015323
820,$435965.08,248.139.247.219,53.5199891,59.8158991
821,$355192.11,21.144.97.87,19.9034294,100.0359661
822,$699831.02,183.200.188.6,-6.0329665,26.9263671
823,$61875.39,28.196.232.235,-6.3818749,105.8862812
824,$56349.11,14.54.175.81,49.9166289,19.1520875
825,$107740.51,49.178.245.30,44.3972703,8.9714623
826,$740021.89,28.169.123.169,57.7190929,14.1817062
827,$490225.01,231.163.105.209,29.534969,112.551851
828,$617868.85,244.201.42.54,48.2618635,37.8561647
829,$657411.89,229.225.157.202,-9.3583473,-77.5999083
830,$209045.73,111.236.225.57,47.4936583,21.66245
831,$28866.82,176.17.57.14,50.8177069,15.7230035
832,$625084.69,251.147.112.181,52.0391192,39.7408362
833,$513074.04,149.44.189.8,43.6793979,4.131084
834,$540066.77,140.156.60.190,8.1176382,-80.593833
835,$483077.68,192.85.235.78,50.1062428,22.7546149
836,$99179.13,231.219.16.91,35.035,10.90809
837,$358520.40,16.212.42.118,65.5948341,22.1916654
838,$553412.61,184.123.145.73,59.3525393,18.0191452
839,$850753.14,83.57.221.226,23.0246287,89.6439924
840,$119968.48,157.183.146.233,-8.8230363,121.9373561
841,$386108.23,36.155.98.112,38.4898826,140.4015949
842,$642753.64,164.23.102.3,62.3565057,50.0762432
843,$831402.04,110.83.139.89,29.4418162,-98.4801308
844,$991539.89,98.36.53.68,10.7698637,-73.0021534
845,$303299.11,105.164.163.40,51.5742615,5.0840393
846,$414755.55,239.117.181.75,-15.4806094,-44.3642956
847,$157277.04,226.229.108.75,34.480174,108.43041
848,$479944.81,14.5.20.172,53.0155306,21.3375451
849,$258646.88,71.196.171.172,10.752961,122.49448
850,$93463.06,206.164.88.134,31.148896,120.722695
851,$532231.90,5.149.49.193,16.2725431,107.9394761
852,$627026.90,16.246.72.152,41.4744811,19.7041069
853,$498867.56,208.234.45.73,36.3006568,137.9047429
854,$472099.32,130.174.214.46,27.622768,113.854556
855,$826693.67,248.149.169.130,6.5400402,126.084947
856,$636211.36,169.252.17.111,44.934021,-123.3072848
857,$253813.68,175.192.225.102,14.5165603,121.2786716
858,$774427.32,249.216.161.158,-7.3518129,108.1110423
859,$369832.04,214.146.47.175,48.7803815,2.4549884
860,$446172.76,108.0.178.197,56.6332138,47.9021415
861,$686400.78,224.174.80.242,15.0270435,-91.148259
862,$751491.09,134.180.130.171,40.005404,113.149693
863,$215469.20,101.39.243.178,51.2701042,16.7076821
864,$686631.17,33.111.135.115,15.7268196,101.207047
865,$494341.45,232.185.93.49,4.5827227,-74.2117465
866,$32963.98,250.145.26.141,-23.5388072,-47.4563943
867,$567018.35,162.35.21.55,7.9247693,98.3227892
868,$189545.97,96.243.115.149,-34.610303,-58.410092
869,$556952.46,137.19.51.10,53.488087,-10.022186
870,$547996.46,207.92.236.197,63.827461,20.2599325
871,$586763.79,211.163.53.39,40.8024339,-8.5959634
872,$529584.35,35.31.15.59,49.9482828,36.0391858
873,$619142.86,80.60.184.97,27.6376503,30.8510692
874,$814398.94,162.226.63.77,6.456558,125.5372025
875,$933327.53,237.22.224.3,18.0651384,-77.4658948
876,$597138.95,116.155.194.66,40.8890204,22.9175369
877,$84734.82,202.12.205.40,23.105394,113.874335
878,$26490.54,240.79.114.42,45.4331407,-76.3609305
879,$954231.74,50.121.180.215,-27.5948698,-48.5482195
880,$585451.42,69.252.241.97,4.878323,-74.467283
881,$677835.59,15.110.231.198,42.7003378,47.2432976
882,$992930.71,106.201.212.172,54.5412717,18.0936055
883,$581756.92,231.137.64.37,40.24739,44.53511
884,$864370.38,43.133.254.78,-7.62385,109.23577
885,$728797.70,48.216.244.130,10.31128,123.951757
886,$717533.65,183.141.136.157,43.236229,94.324152
887,$869966.65,185.211.223.123,50.5837638,34.4904643
888,$3908.37,85.242.84.137,38.0635091,-8.1179553
889,$885956.83,216.133.20.225,43.3117995,129.7690775
890,$526520.30,231.0.84.1,48.9323908,2.4774664
891,$268287.71,98.116.39.70,42.5246357,87.5395855
892,$281979.60,216.184.220.47,33.273148,115.676125
893,$26366.15,197.99.16.187,-6.1989828,106.5996595
894,$999572.53,181.195.241.214,50.6859367,38.1632353
895,$406742.31,132.236.196.196,50.52546,42.6645851
896,$278000.24,168.181.34.43,33.9842691,35.6344491
897,$824818.84,112.118.234.156,40.137963,-7.5010773
898,$502499.12,175.7.95.198,46.0765073,-66.7299108
899,$995599.87,36.212.121.75,56.6444907,14.224297
900,$874852.55,113.20.175.128,48.3909721,-4.4854059
901,$242405.84,105.68.90.16,60.6739776,17.1574569
902,$150550.73,171.64.121.198,5.8192832,7.3408535
903,$261818.51,107.80.208.219,5.8700491,-57.1492443
904,$950339.93,127.105.232.31,40.3106587,-7.460117
905,$457661.33,235.226.67.224,-12.5502705,28.2409671
906,$975710.87,189.247.154.232,-7.2026914,108.1013637
907,$106857.37,38.201.137.182,30.859012,113.979421
908,$18917.11,67.192.11.49,-14.1,-70.2
909,$340457.37,238.219.140.198,34.933333,70.95
910,$448045.85,18.30.242.124,49.9805725,19.5512903
911,$528104.33,226.179.74.10,-3.2409636,33.9750018
912,$755893.77,107.164.154.139,48.5177572,24.6447745
913,$333856.62,209.251.227.120,-3.1045962,119.8524988
914,$259147.68,118.8.140.169,49.6475739,6.2573108
915,$975537.13,132.28.255.199,59.3763019,17.9325356
916,$8193.68,33.243.68.79,27.028446,106.461061
917,$232077.29,215.93.111.105,35.8614715,36.7981073
918,$880614.35,169.163.79.251,32.3907895,119.4331388
919,$379259.00,5.90.65.225,-10.02569,123.729698
920,$74112.72,213.99.126.179,59.6136775,16.2283098
921,$605572.58,123.108.88.47,8.017253,-72.0616304
922,$330111.66,189.206.227.27,49.8189015,24.3031209
923,$668352.09,103.224.167.173,11.7942415,8.8390321
924,$270105.97,253.84.191.16,44.9544161,42.0328581
925,$941717.41,235.255.126.125,-29.1110188,26.1862067
926,$259699.03,202.121.181.186,48.7393933,2.7594768
927,$602405.92,163.233.119.226,34.199479,119.578364
928,$390986.03,44.69.184.188,-23.5266796,-51.8311441
929,$420607.20,54.232.140.47,-15.0418557,-70.3673152
930,$293005.88,11.27.93.148,54.8603009,52.4223979
931,$988856.89,105.209.53.148,-16.4067401,-71.3764996
932,$235686.90,141.6.189.63,40.841536,22.9208045
933,$318722.60,157.182.124.53,36.6796146,136.8617092
934,$103268.96,119.141.85.131,14.413539,-90.633471
935,$580867.94,203.151.97.205,10.5534497,34.2824429
936,$315733.63,62.6.193.88,-13.2513786,-43.4112394
937,$353848.85,117.248.106.234,4.7161955,9.7288412
938,$230765.56,161.242.113.26,35.70915,10.67397
939,$508314.05,6.84.85.13,49.3457516,16.4764384
940,$303419.37,93.234.10.108,-3.3728836,29.1448793
941,$418393.19,151.97.192.198,41.2096879,-7.8210803
942,$678701.53,96.27.216.215,4.4796434,-75.5975296
943,$231120.74,170.35.56.223,31.9963592,-5.1174039
944,$624310.98,172.201.93.33,59.6535297,18.3648033
945,$907946.68,172.44.229.182,13.4470634,-88.556531
946,$842812.04,160.128.134.247,53.8819853,18.5517476
947,$891818.84,84.115.44.245,46.7457125,5.9081968
948,$466584.38,21.61.187.229,-6.6579598,106.7336319
949,$233478.15,168.72.93.254,26.0488019,32.2403107
950,$485918.26,92.254.17.28,-3.4590744,119.8815203
951,$779072.89,178.198.75.161,29.483676,109.989454
952,$40066.15,27.61.205.178,40.9089779,-8.421278
953,$787129.45,35.112.68.249,-6.9826515,111.431315
954,$24778.95,46.31.195.71,38.0339984,23.7379786
955,$964786.41,222.214.190.140,28.976995,116.762907
956,$450596.57,113.233.194.53,-13.77085,-73.536636
957,$486749.62,122.135.34.179,-9.2247779,-77.6478852
958,$666256.42,41.81.22.180,-29.8801552,-54.8265622
959,$764811.58,212.204.98.97,51.35249,21.12877
960,$306989.09,229.53.5.255,45.4235609,-73.9319061
961,$133626.53,48.159.215.247,31.2570292,121.492796
962,$859288.99,232.98.13.113,35.6290935,139.7425844
963,$131970.58,101.220.157.101,6.343847,-72.814792
964,$361248.35,151.77.17.180,55.5945618,26.4507193
965,$87348.39,105.246.240.39,-14.4076036,23.2587992
966,$113594.19,58.128.251.103,61.5003351,21.8474164
967,$295897.85,189.7.24.71,40.4407041,19.8451169
968,$951072.49,240.7.234.27,-9.5606075,124.6026671
969,$920390.18,255.83.142.24,22.656408,114.019351
970,$524121.65,141.157.169.250,38.828834,139.9059015
971,$436125.07,245.172.20.100,15.5900396,-87.879523
972,$500771.32,116.13.1.246,33.4180537,131.6156723
973,$863236.69,30.155.172.15,30.741991,121.341969
974,$624282.51,245.67.253.97,50.689856,20.7734253
975,$15446.76,143.137.172.187,57.6613265,12.0134068
976,$677570.61,172.204.107.199,-8.3052,123.237
977,$936096.71,246.74.115.235,36.182571,116.768358
978,$72852.59,206.1.108.89,48.7885683,2.3884283
979,$911865.49,211.85.190.9,27.320917,111.458656
980,$334133.28,13.34.160.110,49.73554,21.26331
981,$599385.39,227.51.236.100,31.2028365,121.4379074
982,$487241.84,180.155.81.133,57.1630313,13.4153897
983,$625213.65,51.13.43.0,35.10456,134.067383
984,$149997.66,100.61.32.75,-6.858925,108.2080973
985,$579299.68,206.60.52.169,14.914778,-91.444669
986,$537937.71,136.68.93.93,14.5968528,121.0670507
987,$541336.02,51.60.102.143,17.1522786,-89.0800227
988,$636025.10,63.98.68.113,55.7963126,37.5116044
989,$18582.35,182.172.194.197,-6.6063841,106.7617984
990,$655749.10,223.80.94.89,-0.4616728,-76.9931074
991,$897749.41,231.121.167.246,43.617445,124.139465
992,$504246.63,175.140.136.53,49.3996493,37.0642852
993,$426799.50,217.144.209.216,29.037007,100.298403
994,$610135.89,139.181.198.138,-6.1923925,106.8218403
995,$920755.09,97.229.239.4,40.9632212,24.8064244
996,$540345.76,80.149.201.216,53.2737147,-9.0288689
997,$200340.31,2.179.40.60,10.8780876,122.981075
998,$902711.23,67.26.133.221,-20.7795586,165.2386673
999,$342203.45,66.176.85.12,42.35,-71.06
1000,$474848.77,16.101.38.98,-5.5844754,105.4771084
